ProductID,Date,Price,Quantity
1,2020-12-17,81.19,33
2,2020-12-17,77.40,33
3,2020-12-17,38.64,37
4,2020-12-17,11.72,49
5,2020-12-17,84.03,65
6,2020-12-17,47.89,77
7,2020-12-17,16.59,36
8,2020-12-17,42.25,100
9,2020-12-17,40.04,50
10,2020-12-17,48.62,65
11,2020-12-17,11.45,16
12,2020-12-17,54.38,84
13,2020-12-17,55.98,90
14,2020-12-17,38.11,68
15,2020-12-17,57.71,59
16,2020-12-17,37.45,83
17,2020-12-17,67.44,29
18,2020-12-17,30.65,79
19,2020-12-17,57.43,29
20,2020-12-17,50.05,59
21,2020-12-17,87.39,43
22,2020-12-17,22.09,67
23,2020-12-17,36.51,77
24,2020-12-17,25.92,84
25,2020-12-17,19.77,95
26,2020-12-17,85.79,62
27,2020-12-17,35.61,23
28,2020-12-17,75.92,8
29,2020-12-17,67.95,94
30,2020-12-17,52.02,89
31,2020-12-17,66.29,18
32,2020-12-17,97.11,48
33,2020-12-17,16.77,36
34,2020-12-17,90.99,39
35,2020-12-17,90.18,31
36,2020-12-17,56.77,11
37,2020-12-17,24.35,77
38,2020-12-17,72.57,71
39,2020-12-17,40.85,68
40,2020-12-17,40.04,33
41,2020-12-17,49.12,12
42,2020-12-17,17.98,72
43,2020-12-17,97.84,31
44,2020-12-17,47.40,7
45,2020-12-17,89.97,86
46,2020-12-17,16.58,22
47,2020-12-17,31.39,68
48,2020-12-17,61.57,38
49,2020-12-17,28.52,71
50,2020-12-17,98.26,72
51,2020-12-17,51.35,88
52,2020-12-17,46.02,97
53,2020-12-17,64.09,60
54,2020-12-17,47.32,50
55,2020-12-17,47.70,77
56,2020-12-17,18.77,56
57,2020-12-17,29.19,59
58,2020-12-17,35.34,34
59,2020-12-17,91.28,89
60,2020-12-17,84.67,18
61,2020-12-17,69.34,38
62,2020-12-17,85.27,59
63,2020-12-17,47.16,5
64,2020-12-17,35.33,28
65,2020-12-17,64.18,4
66,2020-12-17,11.10,48
67,2020-12-17,48.99,83
68,2020-12-17,38.64,81
69,2020-12-17,57.99,66
70,2020-12-17,72.35,48
71,2020-12-17,29.21,19
72,2020-12-17,98.04,99
73,2020-12-17,38.32,30
74,2020-12-17,50.39,3
75,2020-12-17,99.13,36
76,2020-12-17,76.55,61
77,2020-12-17,92.01,87
78,2020-12-17,32.53,68
79,2020-12-17,93.76,45
80,2020-12-17,17.83,76
81,2020-12-17,64.55,30
82,2020-12-17,50.64,89
83,2020-12-17,64.46,16
84,2020-12-17,10.29,16
85,2020-12-17,78.23,25
86,2020-12-17,19.27,75
87,2020-12-17,96.73,6
88,2020-12-17,75.15,63
89,2020-12-17,49.16,42
90,2020-12-17,24.71,84
91,2020-12-17,79.72,59
92,2020-12-17,32.74,70
93,2020-12-17,74.26,14
94,2020-12-17,14.26,89
95,2020-12-17,32.25,61
96,2020-12-17,29.98,80
97,2020-12-17,64.48,50
98,2020-12-17,18.08,50
99,2020-12-17,29.74,86
100,2020-12-17,100.21,49
101,2020-12-17,62.14,79
102,2020-12-17,24.01,3
103,2020-12-17,74.52,63
104,2020-12-17,78.94,91
105,2020-12-17,97.26,98
106,2020-12-17,56.37,80
107,2020-12-17,43.91,52
108,2020-12-17,72.08,53
109,2020-12-17,12.14,33
110,2020-12-17,68.72,71
111,2020-12-17,81.70,58
112,2020-12-17,63.34,72
113,2020-12-17,53.74,22
114,2020-12-17,74.74,51
115,2020-12-17,28.36,72
116,2020-12-17,52.90,38
117,2020-12-17,20.15,85
118,2020-12-17,54.17,7
119,2020-12-17,60.02,84
120,2020-12-17,20.45,44
121,2020-12-17,79.38,30
122,2020-12-17,14.33,18
123,2020-12-17,77.65,40
124,2020-12-17,86.55,39
125,2020-12-17,33.32,57
126,2020-12-17,97.21,22
127,2020-12-17,40.97,97
128,2020-12-17,27.13,80
129,2020-12-17,27.05,58
130,2020-12-17,31.14,81
131,2020-12-17,51.61,72
132,2020-12-17,68.16,100
133,2020-12-17,74.99,37
134,2020-12-17,38.90,47
135,2020-12-17,93.77,56
136,2020-12-17,44.93,45
137,2020-12-17,40.72,24
138,2020-12-17,75.35,93
139,2020-12-17,54.04,61
140,2020-12-17,52.25,41
141,2020-12-17,97.59,20
142,2020-12-17,73.70,64
143,2020-12-17,89.21,46
144,2020-12-17,54.58,21
145,2020-12-17,20.13,2
146,2020-12-17,23.44,69
147,2020-12-17,36.77,53
148,2020-12-17,98.08,3
149,2020-12-17,36.91,86
150,2020-12-17,40.10,10
151,2020-12-17,74.10,14
152,2020-12-17,37.02,60
153,2020-12-17,87.78,72
154,2020-12-17,48.12,87
155,2020-12-17,15.00,39
156,2020-12-17,47.60,43
157,2020-12-17,61.78,1
158,2020-12-17,58.56,67
159,2020-12-17,44.73,89
160,2020-12-17,78.44,3
161,2020-12-17,45.46,38
162,2020-12-17,92.22,33
163,2020-12-17,89.77,72
164,2020-12-17,91.77,99
165,2020-12-17,42.52,38
166,2020-12-17,18.69,79
167,2020-12-17,21.32,8
168,2020-12-17,88.51,55
169,2020-12-17,22.32,82
170,2020-12-17,90.12,81
171,2020-12-17,54.61,90
172,2020-12-17,92.50,3
173,2020-12-17,86.36,77
174,2020-12-17,37.43,85
175,2020-12-17,31.97,55
176,2020-12-17,56.06,12
177,2020-12-17,31.38,2
178,2020-12-17,36.61,38
179,2020-12-17,49.22,85
180,2020-12-17,96.58,30
181,2020-12-17,82.61,1
182,2020-12-17,77.86,52
183,2020-12-17,94.45,8
184,2020-12-17,28.20,86
185,2020-12-17,26.91,78
186,2020-12-17,58.81,44
187,2020-12-17,88.04,18
188,2020-12-17,53.05,22
189,2020-12-17,72.18,48
190,2020-12-17,97.11,66
191,2020-12-17,79.64,12
192,2020-12-17,58.72,80
193,2020-12-17,78.04,83
194,2020-12-17,47.25,33
195,2020-12-17,78.53,5
196,2020-12-17,17.03,69
197,2020-12-17,81.28,51
198,2020-12-17,17.14,18
199,2020-12-17,24.23,98
200,2020-12-17,69.54,72
201,2020-12-17,54.59,40
202,2020-12-17,96.07,7
203,2020-12-17,20.06,8
204,2020-12-17,12.59,29
205,2020-12-17,42.02,10
206,2020-12-17,69.15,38
207,2020-12-17,35.61,35
208,2020-12-17,91.70,65
209,2020-12-17,94.96,64
210,2020-12-17,77.20,14
211,2020-12-17,57.18,100
212,2020-12-17,60.71,43
213,2020-12-17,87.85,20
214,2020-12-17,54.35,90
215,2020-12-17,15.99,30
216,2020-12-17,22.05,60
217,2020-12-17,68.85,46
218,2020-12-17,24.99,84
219,2020-12-17,57.89,21
220,2020-12-17,12.51,3
221,2020-12-17,20.23,49
222,2020-12-17,81.31,90
223,2020-12-17,20.36,95
224,2020-12-17,22.00,91
225,2020-12-17,67.00,74
226,2020-12-17,68.57,61
227,2020-12-17,61.37,68
228,2020-12-17,84.37,32
229,2020-12-17,10.35,17
230,2020-12-17,71.44,35
231,2020-12-17,61.94,31
232,2020-12-17,89.55,65
233,2020-12-17,27.49,16
234,2020-12-17,58.03,25
235,2020-12-17,35.70,28
236,2020-12-17,46.95,59
237,2020-12-17,79.70,9
238,2020-12-17,22.58,71
239,2020-12-17,49.66,62
240,2020-12-17,12.89,45
241,2020-12-17,35.44,52
242,2020-12-17,38.21,42
243,2020-12-17,40.13,82
244,2020-12-17,41.52,13
245,2020-12-17,88.25,27
246,2020-12-17,37.39,91
247,2020-12-17,58.73,58
248,2020-12-17,72.06,89
249,2020-12-17,79.13,32
250,2020-12-17,36.34,22
251,2020-12-17,67.13,36
252,2020-12-17,40.46,7
253,2020-12-17,77.97,8
254,2020-12-17,99.46,82
255,2020-12-17,64.70,98
256,2020-12-17,33.11,71
257,2020-12-17,89.52,55
258,2020-12-17,90.88,34
259,2020-12-17,56.21,21
260,2020-12-17,81.27,49
261,2020-12-17,70.06,40
262,2020-12-17,18.77,55
263,2020-12-17,24.15,88
264,2020-12-17,24.03,96
265,2020-12-17,81.18,34
266,2020-12-17,53.84,77
267,2020-12-17,71.14,44
268,2020-12-17,100.19,17
269,2020-12-17,24.84,1
270,2020-12-17,68.04,39
271,2020-12-17,33.63,8
272,2020-12-17,79.89,84
273,2020-12-17,80.73,58
274,2020-12-17,72.91,56
275,2020-12-17,68.18,25
276,2020-12-17,24.98,73
277,2020-12-17,34.25,38
278,2020-12-17,93.82,16
279,2020-12-17,92.12,39
280,2020-12-17,58.55,18
281,2020-12-17,55.30,61
282,2020-12-17,97.00,25
283,2020-12-17,40.93,39
284,2020-12-17,11.35,78
285,2020-12-17,15.49,6
286,2020-12-17,39.28,81
287,2020-12-17,15.07,84
288,2020-12-17,32.34,14
289,2020-12-17,59.13,64
290,2020-12-17,52.20,1
291,2020-12-17,63.34,94
292,2020-12-17,92.72,24
293,2020-12-17,15.14,50
294,2020-12-17,55.06,51
295,2020-12-17,72.97,46
296,2020-12-17,87.08,13
297,2020-12-17,11.36,25
298,2020-12-17,22.48,39
299,2020-12-17,31.63,71
300,2020-12-17,68.89,37
301,2020-12-17,26.94,56
302,2020-12-17,25.80,85
303,2020-12-17,94.85,33
304,2020-12-17,34.09,9
305,2020-12-17,83.02,24
306,2020-12-17,59.85,74
307,2020-12-17,53.37,67
308,2020-12-17,88.41,80
309,2020-12-17,49.86,40
310,2020-12-17,62.67,49
311,2020-12-17,12.06,97
312,2020-12-17,65.65,50
313,2020-12-17,78.68,15
314,2020-12-17,33.59,65
315,2020-12-17,43.76,36
316,2020-12-17,52.17,61
317,2020-12-17,96.49,15
318,2020-12-17,20.97,15
319,2020-12-17,71.22,8
320,2020-12-17,54.42,5
321,2020-12-17,100.74,85
322,2020-12-17,64.59,42
323,2020-12-17,62.40,45
324,2020-12-17,42.50,71
325,2020-12-17,72.04,89
326,2020-12-17,32.41,55
327,2020-12-17,67.45,78
328,2020-12-17,65.50,11
329,2020-12-17,78.79,80
330,2020-12-17,14.29,20
331,2020-12-17,82.22,7
332,2020-12-17,18.93,21
333,2020-12-17,53.60,98
334,2020-12-17,76.40,97
335,2020-12-17,30.25,7
336,2020-12-17,76.85,14
337,2020-12-17,73.33,34
338,2020-12-17,64.16,96
339,2020-12-17,31.17,41
340,2020-12-17,13.73,97
341,2020-12-17,42.28,54
342,2020-12-17,44.48,64
343,2020-12-17,55.43,78
344,2020-12-17,33.72,53
345,2020-12-17,48.95,6
346,2020-12-17,69.23,20
347,2020-12-17,83.12,84
348,2020-12-17,79.73,78
349,2020-12-17,12.41,7
350,2020-12-17,71.51,70
351,2020-12-17,94.76,99
352,2020-12-17,87.46,45
353,2020-12-17,16.21,61
354,2020-12-17,77.04,72
355,2020-12-17,77.18,61
356,2020-12-17,76.84,64
357,2020-12-17,56.28,40
358,2020-12-17,63.66,84
359,2020-12-17,29.15,22
360,2020-12-17,35.89,19
361,2020-12-17,22.50,75
362,2020-12-17,50.42,29
363,2020-12-17,66.92,5
364,2020-12-17,95.08,40
365,2020-12-17,77.37,26
366,2020-12-17,23.46,99
367,2020-12-17,16.82,86
368,2020-12-17,18.88,43
369,2020-12-17,19.31,6
370,2020-12-17,63.79,84
371,2020-12-17,53.48,68
372,2020-12-17,91.34,43
373,2020-12-17,94.38,1
374,2020-12-17,23.81,8
375,2020-12-17,13.95,51
376,2020-12-17,54.38,95
377,2020-12-17,68.61,67
378,2020-12-17,90.01,82
379,2020-12-17,50.06,18
380,2020-12-17,84.31,50
381,2020-12-17,38.50,46
382,2020-12-17,61.04,43
383,2020-12-17,42.19,81
384,2020-12-17,64.90,88
385,2020-12-17,100.45,47
386,2020-12-17,33.14,52
387,2020-12-17,47.35,15
388,2020-12-17,15.90,63
389,2020-12-17,55.67,32
390,2020-12-17,77.36,43
391,2020-12-17,67.99,3
392,2020-12-17,38.27,52
393,2020-12-17,46.12,13
394,2020-12-17,13.06,74
395,2020-12-17,78.06,94
396,2020-12-17,55.11,96
397,2020-12-17,41.51,31
398,2020-12-17,69.86,65
399,2020-12-17,19.19,20
400,2020-12-17,60.51,74
401,2020-12-17,84.67,89
402,2020-12-17,69.26,59
403,2020-12-17,100.20,7
404,2020-12-17,45.47,94
405,2020-12-17,35.21,37
406,2020-12-17,93.50,60
407,2020-12-17,47.99,89
408,2020-12-17,53.80,79
409,2020-12-17,59.03,35
410,2020-12-17,98.82,42
411,2020-12-17,51.56,61
412,2020-12-17,63.69,79
413,2020-12-17,16.60,93
414,2020-12-17,84.73,5
415,2020-12-17,94.78,24
416,2020-12-17,37.66,51
417,2020-12-17,87.71,64
418,2020-12-17,40.82,90
419,2020-12-17,100.52,18
420,2020-12-17,58.59,18
421,2020-12-17,87.09,8
422,2020-12-17,97.71,5
423,2020-12-17,80.16,75
424,2020-12-17,29.06,69
425,2020-12-17,94.66,28
426,2020-12-17,95.25,73
427,2020-12-17,55.13,65
428,2020-12-17,67.50,68
429,2020-12-17,54.03,67
430,2020-12-17,29.31,42
431,2020-12-17,34.38,91
432,2020-12-17,37.19,74
433,2020-12-17,61.10,84
434,2020-12-17,35.89,46
435,2020-12-17,44.82,96
436,2020-12-17,50.69,26
437,2020-12-17,36.06,37
438,2020-12-17,58.05,74
439,2020-12-17,54.66,30
440,2020-12-17,64.04,86
441,2020-12-17,96.23,5
442,2020-12-17,65.68,54
443,2020-12-17,53.99,62
444,2020-12-17,40.60,37
445,2020-12-17,17.39,9
446,2020-12-17,47.55,10
447,2020-12-17,56.53,35
448,2020-12-17,98.20,87
449,2020-12-17,94.23,68
450,2020-12-17,37.49,22
451,2020-12-17,78.14,48
452,2020-12-17,42.78,75
453,2020-12-17,86.68,90
454,2020-12-17,32.08,63
455,2020-12-17,11.83,58
456,2020-12-17,63.01,30
457,2020-12-17,96.63,10
458,2020-12-17,47.44,80
459,2020-12-17,20.91,57
460,2020-12-17,10.10,42
461,2020-12-17,41.46,78
462,2020-12-17,16.91,48
463,2020-12-17,68.90,58
464,2020-12-17,38.84,81
465,2020-12-17,32.37,21
466,2020-12-17,70.68,2
467,2020-12-17,43.99,99
468,2020-12-17,52.71,56
469,2020-12-17,66.08,68
470,2020-12-17,19.42,43
471,2020-12-17,12.97,83
472,2020-12-17,51.69,15
473,2020-12-17,77.74,74
474,2020-12-17,53.52,17
475,2020-12-17,38.03,20
476,2020-12-17,78.65,17
477,2020-12-17,49.65,66
478,2020-12-17,76.53,89
479,2020-12-17,60.68,79
480,2020-12-17,15.27,83
481,2020-12-17,22.45,55
482,2020-12-17,67.02,22
483,2020-12-17,49.40,20
484,2020-12-17,26.36,37
485,2020-12-17,26.51,92
486,2020-12-17,29.67,40
487,2020-12-17,34.99,65
488,2020-12-17,57.97,96
489,2020-12-17,95.30,65
490,2020-12-17,73.53,39
491,2020-12-17,20.48,34
492,2020-12-17,91.74,78
493,2020-12-17,47.61,23
494,2020-12-17,78.50,1
495,2020-12-17,93.55,54
496,2020-12-17,37.79,41
497,2020-12-17,88.07,17
498,2020-12-17,14.91,81
499,2020-12-17,89.33,93
500,2020-12-17,38.50,42
501,2020-12-17,63.86,70
502,2020-12-17,67.28,25
503,2020-12-17,43.27,1
504,2020-12-17,83.31,2
505,2020-12-17,23.10,22
506,2020-12-17,15.04,27
507,2020-12-17,100.31,52
508,2020-12-17,29.06,31
509,2020-12-17,73.96,4
510,2020-12-17,91.51,39
511,2020-12-17,23.56,18
512,2020-12-17,46.62,64
513,2020-12-17,82.37,59
514,2020-12-17,76.50,38
515,2020-12-17,98.83,50
516,2020-12-17,74.38,52
517,2020-12-17,65.62,67
518,2020-12-17,71.83,37
519,2020-12-17,12.66,89
520,2020-12-17,96.39,81
521,2020-12-17,27.33,78
522,2020-12-17,90.66,2
523,2020-12-17,49.80,11
524,2020-12-17,13.78,5
525,2020-12-17,38.59,86
526,2020-12-17,60.06,34
527,2020-12-17,13.81,87
528,2020-12-17,13.21,75
529,2020-12-17,58.45,64
530,2020-12-17,15.10,99
531,2020-12-17,15.91,1
532,2020-12-17,92.59,4
533,2020-12-17,50.41,34
534,2020-12-17,74.36,21
535,2020-12-17,69.94,50
536,2020-12-17,96.89,69
537,2020-12-17,91.55,58
538,2020-12-17,33.76,92
539,2020-12-17,100.01,21
540,2020-12-17,83.85,12
541,2020-12-17,35.42,44
542,2020-12-17,20.79,2
543,2020-12-17,75.40,8
544,2020-12-17,99.88,1
545,2020-12-17,47.62,9
546,2020-12-17,37.69,54
547,2020-12-17,97.51,65
548,2020-12-17,20.98,18
549,2020-12-17,92.83,26
550,2020-12-17,91.35,83
551,2020-12-17,31.74,5
552,2020-12-17,25.17,41
553,2020-12-17,18.95,6
554,2020-12-17,73.74,51
555,2020-12-17,57.75,21
556,2020-12-17,82.26,46
557,2020-12-17,10.58,73
558,2020-12-17,21.39,98
559,2020-12-17,54.11,6
560,2020-12-17,81.87,86
561,2020-12-17,69.04,17
562,2020-12-17,52.33,15
563,2020-12-17,73.43,42
564,2020-12-17,92.93,94
565,2020-12-17,30.44,78
566,2020-12-17,18.82,37
567,2020-12-17,82.44,61
568,2020-12-17,66.46,64
569,2020-12-17,78.26,48
570,2020-12-17,79.33,80
571,2020-12-17,54.69,56
572,2020-12-17,42.76,66
573,2020-12-17,61.77,89
574,2020-12-17,42.28,27
575,2020-12-17,12.73,46
576,2020-12-17,92.58,19
577,2020-12-17,97.44,98
578,2020-12-17,53.89,23
579,2020-12-17,46.38,25
580,2020-12-17,82.04,82
581,2020-12-17,22.63,9
582,2020-12-17,75.04,31
583,2020-12-17,38.88,58
584,2020-12-17,48.33,25
585,2020-12-17,32.36,80
586,2020-12-17,39.81,66
587,2020-12-17,41.10,32
588,2020-12-17,95.14,58
589,2020-12-17,51.41,34
590,2020-12-17,74.31,57
591,2020-12-17,76.13,59
592,2020-12-17,60.78,96
593,2020-12-17,51.84,46
594,2020-12-17,40.78,93
595,2020-12-17,67.68,74
596,2020-12-17,68.58,41
597,2020-12-17,23.13,77
598,2020-12-17,71.94,44
599,2020-12-17,64.65,17
600,2020-12-17,52.06,64
601,2020-12-17,47.12,4
602,2020-12-17,29.86,30
603,2020-12-17,29.20,93
604,2020-12-17,59.17,83
605,2020-12-17,53.29,8
606,2020-12-17,96.04,18
607,2020-12-17,44.73,63
608,2020-12-17,98.95,38
609,2020-12-17,54.85,59
610,2020-12-17,20.75,80
611,2020-12-17,97.20,55
612,2020-12-17,11.53,15
613,2020-12-17,49.37,55
614,2020-12-17,13.59,18
615,2020-12-17,65.75,40
616,2020-12-17,82.31,89
617,2020-12-17,34.69,87
618,2020-12-17,18.95,67
619,2020-12-17,78.71,8
620,2020-12-17,97.75,41
621,2020-12-17,93.70,87
622,2020-12-17,32.77,10
623,2020-12-17,74.32,45
624,2020-12-17,92.38,14
625,2020-12-17,79.99,73
626,2020-12-17,29.69,43
627,2020-12-17,90.92,86
628,2020-12-17,74.42,92
629,2020-12-17,24.95,68
630,2020-12-17,31.87,70
631,2020-12-17,34.49,2
632,2020-12-17,14.65,35
633,2020-12-17,58.89,41
634,2020-12-17,92.47,75
635,2020-12-17,84.83,74
636,2020-12-17,58.81,89
637,2020-12-17,37.14,9
638,2020-12-17,19.42,96
639,2020-12-17,98.89,43
640,2020-12-17,26.94,15
641,2020-12-17,98.94,87
642,2020-12-17,94.00,61
643,2020-12-17,46.39,43
644,2020-12-17,21.02,87
645,2020-12-17,25.10,55
646,2020-12-17,24.69,65
647,2020-12-17,44.05,51
648,2020-12-17,89.57,71
649,2020-12-17,44.80,11
650,2020-12-17,31.84,16
651,2020-12-17,85.48,91
652,2020-12-17,98.03,11
653,2020-12-17,10.38,10
654,2020-12-17,16.88,44
655,2020-12-17,68.39,7
656,2020-12-17,95.10,69
657,2020-12-17,49.48,63
658,2020-12-17,62.07,77
659,2020-12-17,40.47,92
660,2020-12-17,22.43,94
661,2020-12-17,94.71,15
662,2020-12-17,67.34,59
663,2020-12-17,33.47,43
664,2020-12-17,89.64,35
665,2020-12-17,72.42,64
666,2020-12-17,59.42,49
667,2020-12-17,41.53,43
668,2020-12-17,89.50,72
669,2020-12-17,25.90,97
670,2020-12-17,43.15,42
671,2020-12-17,84.64,21
672,2020-12-17,45.74,74
673,2020-12-17,11.75,4
674,2020-12-17,38.88,96
675,2020-12-17,39.53,57
676,2020-12-17,56.65,76
677,2020-12-17,14.97,7
678,2020-12-17,99.36,23
679,2020-12-17,25.24,83
680,2020-12-17,20.28,48
681,2020-12-17,26.86,45
682,2020-12-17,62.13,20
683,2020-12-17,80.54,54
684,2020-12-17,12.47,65
685,2020-12-17,73.99,44
686,2020-12-17,94.09,19
687,2020-12-17,74.31,46
688,2020-12-17,94.22,82
689,2020-12-17,44.68,38
690,2020-12-17,17.26,38
691,2020-12-17,14.49,5
692,2020-12-17,32.00,77
693,2020-12-17,20.07,51
694,2020-12-17,23.79,12
695,2020-12-17,18.33,43
696,2020-12-17,47.81,8
697,2020-12-17,27.46,31
698,2020-12-17,28.45,92
699,2020-12-17,11.12,16
700,2020-12-17,97.37,23
701,2020-12-17,29.46,69
702,2020-12-17,51.27,32
703,2020-12-17,17.08,3
704,2020-12-17,28.91,76
705,2020-12-17,91.04,81
706,2020-12-17,78.05,74
707,2020-12-17,62.31,54
708,2020-12-17,80.26,51
709,2020-12-17,53.69,95
710,2020-12-17,25.13,37
711,2020-12-17,60.21,15
712,2020-12-17,56.31,11
713,2020-12-17,82.70,29
714,2020-12-17,53.32,17
715,2020-12-17,60.24,35
716,2020-12-17,54.91,77
717,2020-12-17,52.73,30
718,2020-12-17,83.75,32
719,2020-12-17,55.86,2
720,2020-12-17,45.99,16
721,2020-12-17,28.59,89
722,2020-12-17,55.05,51
723,2020-12-17,84.21,53
724,2020-12-17,59.42,12
725,2020-12-17,26.91,3
726,2020-12-17,53.21,90
727,2020-12-17,97.67,83
728,2020-12-17,98.27,36
729,2020-12-17,58.27,25
730,2020-12-17,25.81,99
731,2020-12-17,27.03,30
732,2020-12-17,57.53,99
733,2020-12-17,29.44,19
734,2020-12-17,74.53,62
735,2020-12-17,19.14,22
736,2020-12-17,53.17,93
737,2020-12-17,88.24,16
738,2020-12-17,65.52,5
739,2020-12-17,49.56,22
740,2020-12-17,42.32,67
741,2020-12-17,96.62,84
742,2020-12-17,86.65,73
743,2020-12-17,73.61,9
744,2020-12-17,34.89,71
745,2020-12-17,17.07,36
746,2020-12-17,94.82,93
747,2020-12-17,61.51,84
748,2020-12-17,96.20,82
749,2020-12-17,18.32,50
750,2020-12-17,70.56,86
751,2020-12-17,89.83,49
752,2020-12-17,25.50,53
753,2020-12-17,63.30,29
754,2020-12-17,70.61,13
755,2020-12-17,55.87,29
756,2020-12-17,50.21,88
757,2020-12-17,49.83,20
758,2020-12-17,75.66,99
759,2020-12-17,21.59,52
760,2020-12-17,37.20,75
761,2020-12-17,93.45,45
762,2020-12-17,94.00,66
763,2020-12-17,33.93,61
764,2020-12-17,80.90,35
765,2020-12-17,10.12,76
766,2020-12-17,92.53,12
767,2020-12-17,19.60,76
768,2020-12-17,21.04,97
769,2020-12-17,35.56,33
770,2020-12-17,26.61,74
771,2020-12-17,24.12,60
772,2020-12-17,27.25,38
773,2020-12-17,15.83,3
774,2020-12-17,10.47,47
775,2020-12-17,69.81,48
776,2020-12-17,53.50,2
777,2020-12-17,73.44,85
778,2020-12-17,36.86,23
779,2020-12-17,53.05,26
780,2020-12-17,88.17,35
781,2020-12-17,64.84,96
782,2020-12-17,96.33,33
783,2020-12-17,85.06,43
784,2020-12-17,97.59,62
785,2020-12-17,62.27,26
786,2020-12-17,17.60,57
787,2020-12-17,84.93,90
788,2020-12-17,80.46,97
789,2020-12-17,81.84,89
790,2020-12-17,87.47,27
791,2020-12-17,69.87,73
792,2020-12-17,76.09,58
793,2020-12-17,29.61,33
794,2020-12-17,44.64,53
795,2020-12-17,97.35,84
796,2020-12-17,18.64,81
797,2020-12-17,50.00,63
798,2020-12-17,59.50,12
799,2020-12-17,13.54,83
800,2020-12-17,92.48,42
801,2020-12-17,37.33,53
802,2020-12-17,99.66,64
803,2020-12-17,85.61,59
804,2020-12-17,10.96,80
805,2020-12-17,45.05,29
806,2020-12-17,78.55,37
807,2020-12-17,85.42,11
808,2020-12-17,12.29,36
809,2020-12-17,87.95,69
810,2020-12-17,49.59,95
811,2020-12-17,88.05,17
812,2020-12-17,19.82,46
813,2020-12-17,76.09,31
814,2020-12-17,45.65,68
815,2020-12-17,64.66,65
816,2020-12-17,55.38,85
817,2020-12-17,38.84,97
818,2020-12-17,71.75,92
819,2020-12-17,43.53,83
820,2020-12-17,56.41,90
821,2020-12-17,74.77,13
822,2020-12-17,24.42,51
823,2020-12-17,14.19,90
824,2020-12-17,74.48,6
825,2020-12-17,27.67,14
826,2020-12-17,77.37,47
827,2020-12-17,75.87,14
828,2020-12-17,28.92,5
829,2020-12-17,50.49,36
830,2020-12-17,98.68,20
831,2020-12-17,55.17,31
832,2020-12-17,85.91,36
833,2020-12-17,32.89,65
834,2020-12-17,37.89,56
835,2020-12-17,68.47,30
836,2020-12-17,71.66,60
837,2020-12-17,47.88,35
838,2020-12-17,99.01,34
839,2020-12-17,33.16,8
840,2020-12-17,93.77,34
841,2020-12-17,57.99,46
842,2020-12-17,86.15,71
843,2020-12-17,86.04,49
844,2020-12-17,62.73,82
845,2020-12-17,64.34,63
846,2020-12-17,21.91,89
847,2020-12-17,79.72,96
848,2020-12-17,45.15,7
849,2020-12-17,92.56,94
850,2020-12-17,60.61,62
851,2020-12-17,76.33,59
852,2020-12-17,16.83,28
853,2020-12-17,83.81,11
854,2020-12-17,65.38,47
855,2020-12-17,12.54,81
856,2020-12-17,92.54,60
857,2020-12-17,95.53,75
858,2020-12-17,43.62,11
859,2020-12-17,19.05,89
860,2020-12-17,84.20,39
861,2020-12-17,75.54,35
862,2020-12-17,46.85,79
863,2020-12-17,96.58,31
864,2020-12-17,20.14,28
865,2020-12-17,18.34,31
866,2020-12-17,86.22,18
867,2020-12-17,26.04,37
868,2020-12-17,13.35,47
869,2020-12-17,97.86,28
870,2020-12-17,36.87,21
871,2020-12-17,22.89,97
872,2020-12-17,70.32,40
873,2020-12-17,20.71,98
874,2020-12-17,96.84,1
875,2020-12-17,62.40,58
876,2020-12-17,81.63,82
877,2020-12-17,40.17,1
878,2020-12-17,50.53,12
879,2020-12-17,25.51,21
880,2020-12-17,30.52,8
881,2020-12-17,93.63,83
882,2020-12-17,75.48,76
883,2020-12-17,86.97,36
884,2020-12-17,93.21,14
885,2020-12-17,98.11,41
886,2020-12-17,41.84,71
887,2020-12-17,15.68,35
888,2020-12-17,50.90,6
889,2020-12-17,35.98,56
890,2020-12-17,13.45,24
891,2020-12-17,45.52,61
892,2020-12-17,87.31,61
893,2020-12-17,53.46,49
894,2020-12-17,78.74,86
895,2020-12-17,13.75,52
896,2020-12-17,46.09,33
897,2020-12-17,40.91,6
898,2020-12-17,49.88,45
899,2020-12-17,71.62,85
900,2020-12-17,21.71,71
901,2020-12-17,32.96,82
902,2020-12-17,12.00,52
903,2020-12-17,84.35,80
904,2020-12-17,75.29,100
905,2020-12-17,52.24,35
906,2020-12-17,32.66,84
907,2020-12-17,39.17,4
908,2020-12-17,86.66,20
909,2020-12-17,11.69,72
910,2020-12-17,96.65,72
911,2020-12-17,18.79,52
912,2020-12-17,69.57,63
913,2020-12-17,28.61,95
914,2020-12-17,47.27,73
915,2020-12-17,69.80,13
916,2020-12-17,12.08,45
917,2020-12-17,18.14,4
918,2020-12-17,56.69,87
919,2020-12-17,24.82,15
920,2020-12-17,15.41,63
921,2020-12-17,13.10,57
922,2020-12-17,31.47,65
923,2020-12-17,85.72,42
924,2020-12-17,33.65,42
925,2020-12-17,32.06,69
926,2020-12-17,35.13,9
927,2020-12-17,76.10,91
928,2020-12-17,40.83,80
929,2020-12-17,66.43,33
930,2020-12-17,25.80,12
931,2020-12-17,47.80,37
932,2020-12-17,42.58,44
933,2020-12-17,85.16,70
934,2020-12-17,69.50,26
935,2020-12-17,72.95,1
936,2020-12-17,60.77,67
937,2020-12-17,39.73,95
938,2020-12-17,14.70,17
939,2020-12-17,46.34,3
940,2020-12-17,12.71,100
941,2020-12-17,89.89,80
942,2020-12-17,88.74,19
943,2020-12-17,70.26,82
944,2020-12-17,23.87,50
945,2020-12-17,20.75,4
946,2020-12-17,19.56,60
947,2020-12-17,97.74,59
948,2020-12-17,66.52,62
949,2020-12-17,88.41,14
950,2020-12-17,65.73,26
951,2020-12-17,39.32,54
952,2020-12-17,79.67,17
953,2020-12-17,45.83,44
954,2020-12-17,36.71,54
955,2020-12-17,30.44,25
956,2020-12-17,49.73,71
957,2020-12-17,95.45,12
958,2020-12-17,93.05,91
959,2020-12-17,11.20,82
960,2020-12-17,95.81,55
961,2020-12-17,18.32,29
962,2020-12-17,29.52,74
963,2020-12-17,18.20,24
964,2020-12-17,23.80,21
965,2020-12-17,66.17,50
966,2020-12-17,81.70,60
967,2020-12-17,99.10,4
968,2020-12-17,84.25,62
969,2020-12-17,44.67,67
970,2020-12-17,40.32,55
971,2020-12-17,37.41,12
972,2020-12-17,93.66,64
973,2020-12-17,93.94,41
974,2020-12-17,79.31,9
975,2020-12-17,52.69,46
976,2020-12-17,33.35,20
977,2020-12-17,14.76,62
978,2020-12-17,85.68,86
979,2020-12-17,96.76,41
980,2020-12-17,72.16,54
981,2020-12-17,60.96,66
982,2020-12-17,11.52,58
983,2020-12-17,11.49,44
984,2020-12-17,82.22,57
985,2020-12-17,93.58,74
986,2020-12-17,74.04,87
987,2020-12-17,92.97,18
988,2020-12-17,98.60,50
989,2020-12-17,13.88,76
990,2020-12-17,46.44,36
991,2020-12-17,97.40,75
992,2020-12-17,62.45,19
993,2020-12-17,27.83,5
994,2020-12-17,65.71,96
995,2020-12-17,31.34,28
996,2020-12-17,16.17,83
997,2020-12-17,22.16,2
998,2020-12-17,74.69,64
999,2020-12-17,80.48,37
1000,2020-12-17,55.68,77
1001,2020-12-17,55.19,12
1002,2020-12-17,27.45,23
1003,2020-12-17,75.39,7
1004,2020-12-17,91.39,52
1005,2020-12-17,91.55,1
1006,2020-12-17,48.64,72
1007,2020-12-17,88.48,68
1008,2020-12-17,37.52,85
1009,2020-12-17,64.66,17
1010,2020-12-17,38.54,11
1011,2020-12-17,13.28,48
1012,2020-12-17,81.69,40
1013,2020-12-17,74.25,23
1014,2020-12-17,27.79,57
1015,2020-12-17,32.99,28
1016,2020-12-17,25.33,71
1017,2020-12-17,25.59,64
1018,2020-12-17,64.34,29
1019,2020-12-17,81.60,44
1020,2020-12-17,24.95,7
1021,2020-12-17,26.92,89
1022,2020-12-17,53.43,13
1023,2020-12-17,42.86,8
1024,2020-12-17,76.14,16
1025,2020-12-17,67.28,23
1026,2020-12-17,58.07,89
1027,2020-12-17,31.37,18
1028,2020-12-17,95.63,57
1029,2020-12-17,71.82,95
1030,2020-12-17,20.29,15
1031,2020-12-17,31.41,43
1032,2020-12-17,19.91,5
1033,2020-12-17,18.68,76
1034,2020-12-17,70.91,81
1035,2020-12-17,62.94,100
1036,2020-12-17,30.35,96
1037,2020-12-17,30.13,63
1038,2020-12-17,68.26,62
1039,2020-12-17,83.63,93
1040,2020-12-17,79.54,38
1041,2020-12-17,59.30,70
1042,2020-12-17,76.94,39
1043,2020-12-17,97.99,17
1044,2020-12-17,75.26,73
1045,2020-12-17,44.76,43
1046,2020-12-17,61.80,72
1047,2020-12-17,33.50,19
1048,2020-12-17,14.38,17
1049,2020-12-17,75.54,83
1050,2020-12-17,28.31,25
1051,2020-12-17,16.34,54
1052,2020-12-17,64.48,43
1053,2020-12-17,57.11,40
1054,2020-12-17,85.12,58
1055,2020-12-17,55.67,60
1056,2020-12-17,47.18,39
1057,2020-12-17,97.46,13
1058,2020-12-17,34.53,2
1059,2020-12-17,97.56,97
1060,2020-12-17,34.84,34
1061,2020-12-17,35.44,63
1062,2020-12-17,44.65,6
1063,2020-12-17,85.36,31
1064,2020-12-17,45.84,34
1065,2020-12-17,60.92,90
1066,2020-12-17,19.54,97
1067,2020-12-17,22.71,69
1068,2020-12-17,77.79,19
1069,2020-12-17,53.34,54
1070,2020-12-17,62.64,91
1071,2020-12-17,80.56,75
1072,2020-12-17,31.59,21
1073,2020-12-17,24.91,5
1074,2020-12-17,90.69,27
1075,2020-12-17,75.93,98
1076,2020-12-17,20.06,80
1077,2020-12-17,38.30,27
1078,2020-12-17,26.15,25
1079,2020-12-17,82.25,58
1080,2020-12-17,88.46,88
1081,2020-12-17,10.25,32
1082,2020-12-17,100.51,86
1083,2020-12-17,19.18,52
1084,2020-12-17,94.17,76
1085,2020-12-17,29.57,34
1086,2020-12-17,61.89,80
1087,2020-12-17,36.40,40
1088,2020-12-17,53.69,13
1089,2020-12-17,11.84,72
1090,2020-12-17,82.26,92
1091,2020-12-17,11.81,51
1092,2020-12-17,69.61,43
1093,2020-12-17,81.29,69
1094,2020-12-17,67.73,90
1095,2020-12-17,91.36,38
1096,2020-12-17,14.35,51
1097,2020-12-17,66.07,16
1098,2020-12-17,96.27,88
1099,2020-12-17,34.06,98
1100,2020-12-17,23.54,60
1101,2020-12-17,86.24,37
1102,2020-12-17,85.93,24
1103,2020-12-17,63.93,60
1104,2020-12-17,55.51,39
1105,2020-12-17,95.22,48
1106,2020-12-17,12.54,9
1107,2020-12-17,69.83,63
1108,2020-12-17,83.95,58
1109,2020-12-17,94.14,54
1110,2020-12-17,22.16,42
1111,2020-12-17,39.33,29
1112,2020-12-17,88.37,71
1113,2020-12-17,23.75,80
1114,2020-12-17,42.02,25
1115,2020-12-17,92.89,39
1116,2020-12-17,99.89,27
1117,2020-12-17,58.94,74
1118,2020-12-17,54.86,7
1119,2020-12-17,57.38,63
1120,2020-12-17,88.48,73
1121,2020-12-17,89.65,58
1122,2020-12-17,19.20,37
1123,2020-12-17,54.54,82
1124,2020-12-17,76.43,57
1125,2020-12-17,64.69,40
1126,2020-12-17,98.96,87
1127,2020-12-17,50.73,29
1128,2020-12-17,72.31,68
1129,2020-12-17,100.61,26
1130,2020-12-17,49.93,51
1131,2020-12-17,18.56,17
1132,2020-12-17,83.41,89
1133,2020-12-17,38.11,56
1134,2020-12-17,63.86,34
1135,2020-12-17,81.16,80
1136,2020-12-17,51.15,24
1137,2020-12-17,31.69,70
1138,2020-12-17,62.10,82
1139,2020-12-17,57.86,30
1140,2020-12-17,59.52,85
1141,2020-12-17,73.19,8
1142,2020-12-17,94.47,34
1143,2020-12-17,76.81,31
1144,2020-12-17,87.78,24
1145,2020-12-17,50.49,27
1146,2020-12-17,40.93,67
1147,2020-12-17,19.55,78
1148,2020-12-17,78.07,4
1149,2020-12-17,68.11,88
1150,2020-12-17,31.51,94
1151,2020-12-17,94.60,79
1152,2020-12-17,89.14,16
1153,2020-12-17,62.84,57
1154,2020-12-17,91.02,57
1155,2020-12-17,16.47,87
1156,2020-12-17,28.93,56
1157,2020-12-17,87.51,33
1158,2020-12-17,16.09,66
1159,2020-12-17,81.34,11
1160,2020-12-17,36.79,5
1161,2020-12-17,80.26,61
1162,2020-12-17,23.49,34
1163,2020-12-17,70.66,76
1164,2020-12-17,74.55,36
1165,2020-12-17,99.27,44
1166,2020-12-17,98.90,37
1167,2020-12-17,39.54,44
1168,2020-12-17,77.27,61
1169,2020-12-17,34.29,60
1170,2020-12-17,65.97,77
1171,2020-12-17,54.89,66
1172,2020-12-17,25.52,61
1173,2020-12-17,96.60,8
1174,2020-12-17,31.68,50
1175,2020-12-17,94.50,15
1176,2020-12-17,24.59,62
1177,2020-12-17,70.38,69
1178,2020-12-17,98.13,74
1179,2020-12-17,93.47,76
1180,2020-12-17,99.24,90
1181,2020-12-17,24.28,70
1182,2020-12-17,97.33,15
1183,2020-12-17,64.74,41
1184,2020-12-17,14.19,25
1185,2020-12-17,88.25,14
1186,2020-12-17,88.98,37
1187,2020-12-17,52.44,4
1188,2020-12-17,20.79,17
1189,2020-12-17,74.17,12
1190,2020-12-17,23.59,71
1191,2020-12-17,61.63,20
1192,2020-12-17,13.75,68
1193,2020-12-17,26.93,87
1194,2020-12-17,23.67,87
1195,2020-12-17,58.13,49
1196,2020-12-17,83.78,65
1197,2020-12-17,83.53,43
1198,2020-12-17,59.81,25
1199,2020-12-17,75.77,47
1200,2020-12-17,72.25,78
1201,2020-12-17,30.87,91
1202,2020-12-17,91.54,18
1203,2020-12-17,79.06,37
1204,2020-12-17,61.22,46
1205,2020-12-17,16.24,13
1206,2020-12-17,96.94,77
1207,2020-12-17,35.21,88
1208,2020-12-17,47.97,45
1209,2020-12-17,32.02,26
1210,2020-12-17,39.96,36
1211,2020-12-17,85.56,66
1212,2020-12-17,94.46,50
1213,2020-12-17,71.47,3
1214,2020-12-17,30.06,68
1215,2020-12-17,47.00,16
1216,2020-12-17,67.45,2
1217,2020-12-17,85.47,95
1218,2020-12-17,77.27,35
1219,2020-12-17,98.99,97
1220,2020-12-17,50.41,72
1221,2020-12-17,11.72,73
1222,2020-12-17,43.74,86
1223,2020-12-17,34.08,50
1224,2020-12-17,41.43,48
1225,2020-12-17,27.22,33
1226,2020-12-17,98.65,95
1227,2020-12-17,64.07,15
1228,2020-12-17,24.12,19
1229,2020-12-17,43.29,92
1230,2020-12-17,14.72,38
1231,2020-12-17,94.60,83
1232,2020-12-17,15.03,80
1233,2020-12-17,20.91,76
1234,2020-12-17,92.78,81
1235,2020-12-17,84.88,12
1236,2020-12-17,43.77,7
1237,2020-12-17,67.48,51
1238,2020-12-17,21.01,88
1239,2020-12-17,55.56,43
1240,2020-12-17,61.60,29
1241,2020-12-17,42.49,67
1242,2020-12-17,48.46,52
1243,2020-12-17,49.98,84
1244,2020-12-17,22.00,51
1245,2020-12-17,67.02,89
1246,2020-12-17,78.90,61
1247,2020-12-17,62.11,39
1248,2020-12-17,18.90,10
1249,2020-12-17,16.66,94
1250,2020-12-17,54.15,11
1251,2020-12-17,68.51,19
1252,2020-12-17,53.66,7
1253,2020-12-17,26.39,9
1254,2020-12-17,77.95,55
1255,2020-12-17,92.70,73
1256,2020-12-17,57.32,71
1257,2020-12-17,25.06,39
1258,2020-12-17,14.57,62
1259,2020-12-17,65.26,5
1260,2020-12-17,64.41,28
1261,2020-12-17,36.07,45
1262,2020-12-17,98.09,51
1263,2020-12-17,98.98,44
1264,2020-12-17,93.68,52
1265,2020-12-17,69.33,75
1266,2020-12-17,51.90,28
1267,2020-12-17,90.77,61
1268,2020-12-17,76.15,90
1269,2020-12-17,57.86,76
1270,2020-12-17,98.36,94
1271,2020-12-17,62.05,88
1272,2020-12-17,59.27,79
1273,2020-12-17,89.95,42
1274,2020-12-17,88.47,69
1275,2020-12-17,80.67,99
1276,2020-12-17,53.77,49
1277,2020-12-17,85.76,14
1278,2020-12-17,65.87,4
1279,2020-12-17,12.65,30
1280,2020-12-17,43.27,76
1281,2020-12-17,27.75,89
1282,2020-12-17,50.48,88
1283,2020-12-17,46.60,56
1284,2020-12-17,66.13,59
1285,2020-12-17,25.35,24
1286,2020-12-17,53.30,59
1287,2020-12-17,21.64,10
1288,2020-12-17,26.66,2
1289,2020-12-17,95.95,78
1290,2020-12-17,85.91,66
1291,2020-12-17,51.26,31
1292,2020-12-17,89.01,18
1293,2020-12-17,10.92,18
1294,2020-12-17,78.56,85
1295,2020-12-17,48.09,23
1296,2020-12-17,48.61,76
1297,2020-12-17,20.22,80
1298,2020-12-17,61.62,71
1299,2020-12-17,76.25,50
1300,2020-12-17,55.83,44
1301,2020-12-17,10.54,6
1302,2020-12-17,50.52,64
1303,2020-12-17,88.00,48
1304,2020-12-17,44.22,30
1305,2020-12-17,28.30,2
1306,2020-12-17,89.87,49
1307,2020-12-17,23.05,49
1308,2020-12-17,50.59,55
1309,2020-12-17,79.12,12
1310,2020-12-17,61.64,51
1311,2020-12-17,45.61,18
1312,2020-12-17,96.79,44
1313,2020-12-17,62.49,61
1314,2020-12-17,75.48,15
1315,2020-12-17,77.59,50
1316,2020-12-17,23.37,79
1317,2020-12-17,88.56,97
1318,2020-12-17,65.18,14
1319,2020-12-17,35.35,93
1320,2020-12-17,33.30,14
1321,2020-12-17,61.49,20
1322,2020-12-17,72.33,92
1323,2020-12-17,44.50,37
1324,2020-12-17,75.77,15
1325,2020-12-17,73.66,89
1326,2020-12-17,38.80,56
1327,2020-12-17,29.89,50
1328,2020-12-17,65.03,28
1329,2020-12-17,90.48,44
1330,2020-12-17,78.29,33
1331,2020-12-17,66.30,40
1332,2020-12-17,53.14,89
1333,2020-12-17,65.30,39
1334,2020-12-17,44.01,80
1335,2020-12-17,17.11,87
1336,2020-12-17,62.46,26
1337,2020-12-17,30.84,46
1338,2020-12-17,63.31,47
1339,2020-12-17,61.42,37
1340,2020-12-17,66.90,38
1341,2020-12-17,84.79,23
1342,2020-12-17,42.51,12
1343,2020-12-17,76.65,94
1344,2020-12-17,11.99,9
1345,2020-12-17,12.37,27
1346,2020-12-17,23.73,87
1347,2020-12-17,71.77,46
1348,2020-12-17,36.12,49
1349,2020-12-17,60.42,87
1350,2020-12-17,50.57,8
1351,2020-12-17,94.69,36
1352,2020-12-17,44.58,58
1353,2020-12-17,13.77,25
1354,2020-12-17,60.00,7
1355,2020-12-17,23.55,70
1356,2020-12-17,91.53,40
1357,2020-12-17,56.57,22
1358,2020-12-17,20.56,69
1359,2020-12-17,71.63,82
1360,2020-12-17,51.77,16
1361,2020-12-17,24.55,26
1362,2020-12-17,18.80,10
1363,2020-12-17,53.22,93
1364,2020-12-17,42.05,4
1365,2020-12-17,74.27,18
1366,2020-12-17,57.50,82
1367,2020-12-17,21.09,45
1368,2020-12-17,49.77,1
1369,2020-12-17,99.67,15
1370,2020-12-17,90.34,4
1371,2020-12-17,92.31,81
1372,2020-12-17,38.78,63
1373,2020-12-17,80.34,55
1374,2020-12-17,41.96,35
1375,2020-12-17,65.00,85
1376,2020-12-17,74.61,45
1377,2020-12-17,33.64,6
1378,2020-12-17,24.32,98
1379,2020-12-17,47.41,29
1380,2020-12-17,11.50,6
1381,2020-12-17,84.49,23
1382,2020-12-17,42.29,78
1383,2020-12-17,49.25,57
1384,2020-12-17,44.59,62
1385,2020-12-17,83.81,38
1386,2020-12-17,18.41,52
1387,2020-12-17,85.39,69
1388,2020-12-17,74.01,94
1389,2020-12-17,12.67,52
1390,2020-12-17,21.23,27
1391,2020-12-17,14.23,65
1392,2020-12-17,37.24,38
1393,2020-12-17,22.40,84
1394,2020-12-17,13.72,89
1395,2020-12-17,86.64,56
1396,2020-12-17,13.36,7
1397,2020-12-17,77.12,27
1398,2020-12-17,90.91,29
1399,2020-12-17,37.50,59
1400,2020-12-17,23.19,44
1401,2020-12-17,91.21,71
1402,2020-12-17,91.72,4
1403,2020-12-17,65.92,30
1404,2020-12-17,44.49,13
1405,2020-12-17,67.61,54
1406,2020-12-17,60.73,8
1407,2020-12-17,98.05,9
1408,2020-12-17,10.12,53
1409,2020-12-17,87.65,39
1410,2020-12-17,17.26,32
1411,2020-12-17,26.54,41
1412,2020-12-17,95.76,32
1413,2020-12-17,60.76,55
1414,2020-12-17,29.96,59
1415,2020-12-17,93.45,46
1416,2020-12-17,60.84,12
1417,2020-12-17,58.46,19
1418,2020-12-17,68.61,35
1419,2020-12-17,42.47,38
1420,2020-12-17,97.49,19
1421,2020-12-17,66.44,62
1422,2020-12-17,67.70,79
1423,2020-12-17,12.30,1
1424,2020-12-17,12.70,81
1425,2020-12-17,80.72,50
1426,2020-12-17,75.53,7
1427,2020-12-17,77.17,96
1428,2020-12-17,68.28,10
1429,2020-12-17,73.82,15
1430,2020-12-17,63.65,74
1431,2020-12-17,32.26,83
1432,2020-12-17,75.63,63
1433,2020-12-17,82.09,15
1434,2020-12-17,40.81,27
1435,2020-12-17,33.31,89
1436,2020-12-17,45.07,32
1437,2020-12-17,99.72,34
1438,2020-12-17,94.88,33
1439,2020-12-17,53.58,66
1440,2020-12-17,93.87,50
1441,2020-12-17,46.74,49
1442,2020-12-17,71.49,15
1443,2020-12-17,100.10,56
1444,2020-12-17,69.98,63
1445,2020-12-17,48.84,79
1446,2020-12-17,23.01,35
1447,2020-12-17,38.52,71
1448,2020-12-17,34.88,84
1449,2020-12-17,45.80,55
1450,2020-12-17,54.11,66
1451,2020-12-17,63.29,95
1452,2020-12-17,78.49,87
1453,2020-12-17,60.37,11
1454,2020-12-17,26.02,52
1455,2020-12-17,59.13,15
1456,2020-12-17,63.03,63
1457,2020-12-17,41.73,11
1458,2020-12-17,88.62,71
1459,2020-12-17,90.11,81
1460,2020-12-17,56.01,3
1461,2020-12-17,84.72,10
1462,2020-12-17,25.58,39
1463,2020-12-17,63.82,90
1464,2020-12-17,28.90,92
1465,2020-12-17,31.86,19
1466,2020-12-17,39.57,39
1467,2020-12-17,23.58,66
1468,2020-12-17,11.23,7
1469,2020-12-17,33.44,66
1470,2020-12-17,68.74,94
1471,2020-12-17,81.06,59
1472,2020-12-17,79.30,65
1473,2020-12-17,86.07,69
1474,2020-12-17,93.00,24
1475,2020-12-17,28.92,38
1476,2020-12-17,91.69,74
1477,2020-12-17,44.47,8
1478,2020-12-17,76.18,67
1479,2020-12-17,43.75,70
1480,2020-12-17,51.68,64
1481,2020-12-17,64.53,98
1482,2020-12-17,100.66,28
1483,2020-12-17,79.92,60
1484,2020-12-17,96.20,51
1485,2020-12-17,40.26,81
1486,2020-12-17,33.34,57
1487,2020-12-17,80.44,40
1488,2020-12-17,39.15,64
1489,2020-12-17,92.35,11
1490,2020-12-17,49.71,58
1491,2020-12-17,54.96,77
1492,2020-12-17,55.66,78
1493,2020-12-17,77.98,35
1494,2020-12-17,67.39,89
1495,2020-12-17,30.85,81
1496,2020-12-17,30.65,90
1497,2020-12-17,48.28,23
1498,2020-12-17,67.46,22
1499,2020-12-17,33.95,100
1500,2020-12-17,78.84,90
1501,2020-12-17,86.85,28
1502,2020-12-17,36.68,69
1503,2020-12-17,78.41,71
1504,2020-12-17,18.59,26
1505,2020-12-17,60.58,42
1506,2020-12-17,88.85,62
1507,2020-12-17,73.93,10
1508,2020-12-17,21.61,9
1509,2020-12-17,48.29,76
1510,2020-12-17,81.96,18
1511,2020-12-17,15.54,48
1512,2020-12-17,45.04,27
1513,2020-12-17,81.17,90
1514,2020-12-17,21.36,53
1515,2020-12-17,65.89,55
1516,2020-12-17,47.81,55
1517,2020-12-17,78.30,6
1518,2020-12-17,73.01,37
1519,2020-12-17,45.20,55
1520,2020-12-17,58.17,52
1521,2020-12-17,45.62,36
1522,2020-12-17,68.46,14
1523,2020-12-17,90.29,77
1524,2020-12-17,70.63,47
1525,2020-12-17,61.35,75
1526,2020-12-17,71.97,99
1527,2020-12-17,75.61,100
1528,2020-12-17,91.73,22
1529,2020-12-17,25.59,56
1530,2020-12-17,51.90,52
1531,2020-12-17,57.84,97
1532,2020-12-17,59.93,15
1533,2020-12-17,22.92,25
1534,2020-12-17,11.26,51
1535,2020-12-17,54.10,96
1536,2020-12-17,32.89,94
1537,2020-12-17,81.14,68
1538,2020-12-17,25.49,23
1539,2020-12-17,39.88,84
1540,2020-12-17,19.21,100
1541,2020-12-17,94.77,77
1542,2020-12-17,30.15,39
1543,2020-12-17,55.38,33
1544,2020-12-17,60.03,99
1545,2020-12-17,37.82,13
1546,2020-12-17,22.72,12
1547,2020-12-17,43.60,33
1548,2020-12-17,28.15,30
1549,2020-12-17,81.03,64
1550,2020-12-17,41.89,17
1551,2020-12-17,69.39,61
1552,2020-12-17,56.69,23
1553,2020-12-17,64.65,60
1554,2020-12-17,100.53,73
1555,2020-12-17,81.48,76
1556,2020-12-17,53.89,42
1557,2020-12-17,66.70,5
1558,2020-12-17,29.58,13
1559,2020-12-17,12.71,88
1560,2020-12-17,55.97,13
1561,2020-12-17,62.81,86
1562,2020-12-17,10.84,3
1563,2020-12-17,79.18,83
1564,2020-12-17,96.59,40
1565,2020-12-17,90.64,97
1566,2020-12-17,23.01,5
1567,2020-12-17,75.52,56
1568,2020-12-17,78.06,51
1569,2020-12-17,26.17,31
1570,2020-12-17,93.53,85
1571,2020-12-17,93.07,4
1572,2020-12-17,29.67,38
1573,2020-12-17,95.85,37
1574,2020-12-17,85.83,23
1575,2020-12-17,62.15,94
1576,2020-12-17,54.12,30
1577,2020-12-17,19.36,35
1578,2020-12-17,17.76,21
1579,2020-12-17,20.01,4
1580,2020-12-17,48.86,17
1581,2020-12-17,61.38,96
1582,2020-12-17,31.18,3
1583,2020-12-17,38.69,21
1584,2020-12-17,50.61,76
1585,2020-12-17,81.77,83
1586,2020-12-17,75.36,7
1587,2020-12-17,80.08,54
1588,2020-12-17,94.73,11
1589,2020-12-17,45.09,81
1590,2020-12-17,80.88,67
1591,2020-12-17,81.76,72
1592,2020-12-17,80.28,30
1593,2020-12-17,48.83,15
1594,2020-12-17,31.42,80
1595,2020-12-17,46.95,3
1596,2020-12-17,16.01,20
1597,2020-12-17,94.45,17
1598,2020-12-17,57.68,45
1599,2020-12-17,29.50,19
1600,2020-12-17,78.26,73
1601,2020-12-17,59.48,36
1602,2020-12-17,11.25,15
1603,2020-12-17,30.97,42
1604,2020-12-17,39.79,11
1605,2020-12-17,61.37,96
1606,2020-12-17,26.78,2
1607,2020-12-17,68.70,100
1608,2020-12-17,25.10,63
1609,2020-12-17,66.56,52
1610,2020-12-17,86.16,84
1611,2020-12-17,63.49,65
1612,2020-12-17,15.57,2
1613,2020-12-17,19.50,93
1614,2020-12-17,53.02,6
1615,2020-12-17,51.94,10
1616,2020-12-17,25.38,86
1617,2020-12-17,64.30,84
1618,2020-12-17,21.68,4
1619,2020-12-17,37.07,58
1620,2020-12-17,21.12,16
1621,2020-12-17,10.81,73
1622,2020-12-17,25.03,87
1623,2020-12-17,68.76,9
1624,2020-12-17,62.85,11
1625,2020-12-17,19.90,56
1626,2020-12-17,62.39,82
1627,2020-12-17,49.26,10
1628,2020-12-17,57.90,57
1629,2020-12-17,58.47,47
1630,2020-12-17,93.11,86
1631,2020-12-17,23.09,90
1632,2020-12-17,24.59,82
1633,2020-12-17,95.67,73
1634,2020-12-17,68.31,74
1635,2020-12-17,57.53,13
1636,2020-12-17,66.85,100
1637,2020-12-17,40.21,92
1638,2020-12-17,38.39,4
1639,2020-12-17,11.94,7
1640,2020-12-17,99.97,88
1641,2020-12-17,61.52,27
1642,2020-12-17,28.53,76
1643,2020-12-17,68.22,21
1644,2020-12-17,76.75,48
1645,2020-12-17,33.63,85
1646,2020-12-17,95.12,80
1647,2020-12-17,98.02,30
1648,2020-12-17,47.57,48
1649,2020-12-17,91.38,96
1650,2020-12-17,26.20,67
1651,2020-12-17,71.07,17
1652,2020-12-17,39.06,90
1653,2020-12-17,17.09,37
1654,2020-12-17,29.40,98
1655,2020-12-17,85.87,73
1656,2020-12-17,39.29,12
1657,2020-12-17,15.68,75
1658,2020-12-17,89.86,94
1659,2020-12-17,38.49,17
1660,2020-12-17,31.63,3
1661,2020-12-17,11.73,62
1662,2020-12-17,13.03,73
1663,2020-12-17,29.13,34
1664,2020-12-17,43.05,38
1665,2020-12-17,20.83,37
1666,2020-12-17,91.58,16
1667,2020-12-17,16.23,50
1668,2020-12-17,60.00,50
1669,2020-12-17,15.39,40
1670,2020-12-17,22.33,16
1671,2020-12-17,78.52,40
1672,2020-12-17,56.44,85
1673,2020-12-17,48.22,68
1674,2020-12-17,27.08,57
1675,2020-12-17,59.84,89
1676,2020-12-17,60.34,3
1677,2020-12-17,18.71,81
1678,2020-12-17,57.74,58
1679,2020-12-17,37.33,10
1680,2020-12-17,68.22,74
1681,2020-12-17,57.52,45
1682,2020-12-17,88.15,61
1683,2020-12-17,86.33,84
1684,2020-12-17,72.88,9
1685,2020-12-17,13.42,4
1686,2020-12-17,36.62,43
1687,2020-12-17,91.41,34
1688,2020-12-17,85.50,60
1689,2020-12-17,58.18,70
1690,2020-12-17,56.74,8
1691,2020-12-17,77.39,23
1692,2020-12-17,58.61,21
1693,2020-12-17,61.78,44
1694,2020-12-17,73.25,96
1695,2020-12-17,23.04,18
1696,2020-12-17,23.90,100
1697,2020-12-17,89.79,57
1698,2020-12-17,23.50,72
1699,2020-12-17,36.67,41
1700,2020-12-17,37.28,71
1701,2020-12-17,91.26,56
1702,2020-12-17,88.76,44
1703,2020-12-17,21.22,92
1704,2020-12-17,10.49,77
1705,2020-12-17,69.30,8
1706,2020-12-17,14.47,53
1707,2020-12-17,40.25,3
1708,2020-12-17,64.86,22
1709,2020-12-17,41.48,33
1710,2020-12-17,82.78,83
1711,2020-12-17,99.12,80
1712,2020-12-17,15.90,58
1713,2020-12-17,75.32,14
1714,2020-12-17,80.14,12
1715,2020-12-17,61.39,95
1716,2020-12-17,65.59,52
1717,2020-12-17,73.42,51
1718,2020-12-17,59.12,34
1719,2020-12-17,63.67,86
1720,2020-12-17,97.79,74
1721,2020-12-17,32.82,74
1722,2020-12-17,49.14,35
1723,2020-12-17,93.55,20
1724,2020-12-17,15.96,28
1725,2020-12-17,88.16,96
1726,2020-12-17,31.33,59
1727,2020-12-17,25.72,65
1728,2020-12-17,71.83,30
1729,2020-12-17,22.67,25
1730,2020-12-17,13.64,81
1731,2020-12-17,16.51,19
1732,2020-12-17,73.41,46
1733,2020-12-17,79.19,27
1734,2020-12-17,96.85,39
1735,2020-12-17,71.39,70
1736,2020-12-17,13.74,59
1737,2020-12-17,76.96,31
1738,2020-12-17,14.28,53
1739,2020-12-17,13.96,57
1740,2020-12-17,77.84,19
1741,2020-12-17,85.43,66
1742,2020-12-17,95.34,50
1743,2020-12-17,74.46,46
1744,2020-12-17,45.22,62
1745,2020-12-17,17.32,27
1746,2020-12-17,88.90,36
1747,2020-12-17,99.14,57
1748,2020-12-17,62.07,93
1749,2020-12-17,40.95,69
1750,2020-12-17,28.06,7
1751,2020-12-17,39.21,60
1752,2020-12-17,95.62,74
1753,2020-12-17,67.19,77
1754,2020-12-17,56.47,69
1755,2020-12-17,68.19,15
1756,2020-12-17,11.69,4
1757,2020-12-17,91.06,90
1758,2020-12-17,26.34,39
1759,2020-12-17,36.75,13
1760,2020-12-17,58.08,8
1761,2020-12-17,82.98,93
1762,2020-12-17,57.20,90
1763,2020-12-17,11.22,44
1764,2020-12-17,100.29,84
1765,2020-12-17,82.78,10
1766,2020-12-17,87.35,82
1767,2020-12-17,55.77,87
1768,2020-12-17,93.86,87
1769,2020-12-17,28.04,77
1770,2020-12-17,78.14,36
1771,2020-12-17,28.68,46
1772,2020-12-17,36.37,78
1773,2020-12-17,42.62,94
1774,2020-12-17,53.53,32
1775,2020-12-17,84.85,42
1776,2020-12-17,13.78,58
1777,2020-12-17,100.61,32
1778,2020-12-17,59.61,85
1779,2020-12-17,87.07,76
1780,2020-12-17,61.03,43
1781,2020-12-17,83.63,44
1782,2020-12-17,79.86,46
1783,2020-12-17,49.98,86
1784,2020-12-17,11.64,26
1785,2020-12-17,38.07,57
1786,2020-12-17,53.44,50
1787,2020-12-17,20.30,28
1788,2020-12-17,22.53,50
1789,2020-12-17,81.03,57
1790,2020-12-17,36.65,87
1791,2020-12-17,31.87,51
1792,2020-12-17,71.77,99
1793,2020-12-17,73.29,93
1794,2020-12-17,65.26,28
1795,2020-12-17,54.58,72
1796,2020-12-17,20.76,55
1797,2020-12-17,42.88,88
1798,2020-12-17,37.07,6
1799,2020-12-17,56.27,9
1800,2020-12-17,70.89,23
1801,2020-12-17,94.37,11
1802,2020-12-17,17.98,6
1803,2020-12-17,83.27,27
1804,2020-12-17,54.86,71
1805,2020-12-17,41.42,34
1806,2020-12-17,21.18,49
1807,2020-12-17,47.12,88
1808,2020-12-17,91.27,4
1809,2020-12-17,94.81,5
1810,2020-12-17,65.36,79
1811,2020-12-17,91.59,95
1812,2020-12-17,11.39,39
1813,2020-12-17,41.98,30
1814,2020-12-17,83.77,7
1815,2020-12-17,99.36,66
1816,2020-12-17,38.29,99
1817,2020-12-17,81.16,29
1818,2020-12-17,92.16,54
1819,2020-12-17,53.68,89
1820,2020-12-17,48.09,19
1821,2020-12-17,37.22,38
1822,2020-12-17,18.46,58
1823,2020-12-17,61.80,24
1824,2020-12-17,92.55,57
1825,2020-12-17,59.44,4
1826,2020-12-17,55.41,28
1827,2020-12-17,90.57,71
1828,2020-12-17,69.12,38
1829,2020-12-17,71.97,40
1830,2020-12-17,30.39,59
1831,2020-12-17,35.62,1
1832,2020-12-17,88.26,4
1833,2020-12-17,50.54,86
1834,2020-12-17,19.01,28
1835,2020-12-17,42.71,54
1836,2020-12-17,41.33,5
1837,2020-12-17,57.09,7
1838,2020-12-17,65.80,24
1839,2020-12-17,50.17,16
1840,2020-12-17,85.63,4
1841,2020-12-17,32.82,55
1842,2020-12-17,66.47,40
1843,2020-12-17,88.16,17
1844,2020-12-17,95.05,71
1845,2020-12-17,82.18,41
1846,2020-12-17,50.77,23
1847,2020-12-17,36.78,82
1848,2020-12-17,57.11,16
1849,2020-12-17,45.34,70
1850,2020-12-17,53.54,79
1851,2020-12-17,49.67,50
1852,2020-12-17,93.87,76
1853,2020-12-17,93.34,34
1854,2020-12-17,78.61,33
1855,2020-12-17,76.26,50
1856,2020-12-17,21.41,22
1857,2020-12-17,72.56,28
1858,2020-12-17,29.85,75
1859,2020-12-17,77.75,36
1860,2020-12-17,67.85,14
1861,2020-12-17,73.72,84
1862,2020-12-17,64.91,9
1863,2020-12-17,42.41,56
1864,2020-12-17,27.14,59
1865,2020-12-17,27.97,45
1866,2020-12-17,82.87,2
1867,2020-12-17,43.55,57
1868,2020-12-17,27.74,12
1869,2020-12-17,78.77,71
1870,2020-12-17,54.70,34
1871,2020-12-17,39.68,50
1872,2020-12-17,65.02,5
1873,2020-12-17,90.75,20
1874,2020-12-17,68.98,93
1875,2020-12-17,11.12,96
1876,2020-12-17,48.99,67
1877,2020-12-17,61.70,33
1878,2020-12-17,13.21,37
1879,2020-12-17,45.33,78
1880,2020-12-17,38.95,75
1881,2020-12-17,68.05,19
1882,2020-12-17,77.22,76
1883,2020-12-17,62.81,14
1884,2020-12-17,77.76,4
1885,2020-12-17,17.06,100
1886,2020-12-17,54.67,38
1887,2020-12-17,66.45,87
1888,2020-12-17,13.19,42
1889,2020-12-17,30.56,95
1890,2020-12-17,55.31,98
1891,2020-12-17,61.69,2
1892,2020-12-17,80.41,96
1893,2020-12-17,48.00,34
1894,2020-12-17,80.58,86
1895,2020-12-17,47.81,41
1896,2020-12-17,47.83,67
1897,2020-12-17,83.22,99
1898,2020-12-17,13.01,84
1899,2020-12-17,14.45,98
1900,2020-12-17,35.33,19
1901,2020-12-17,31.04,49
1902,2020-12-17,60.89,10
1903,2020-12-17,89.13,85
1904,2020-12-17,75.11,49
1905,2020-12-17,87.85,17
1906,2020-12-17,81.00,70
1907,2020-12-17,21.01,41
1908,2020-12-17,61.66,58
1909,2020-12-17,82.36,65
1910,2020-12-17,90.89,6
1911,2020-12-17,75.84,5
1912,2020-12-17,96.37,87
1913,2020-12-17,75.10,58
1914,2020-12-17,48.10,26
1915,2020-12-17,11.77,6
1916,2020-12-17,15.08,60
1917,2020-12-17,41.71,69
1918,2020-12-17,49.31,49
1919,2020-12-17,43.84,100
1920,2020-12-17,17.02,48
1921,2020-12-17,98.29,74
1922,2020-12-17,49.75,18
1923,2020-12-17,62.99,18
1924,2020-12-17,18.82,94
1925,2020-12-17,41.87,38
1926,2020-12-17,43.78,91
1927,2020-12-17,35.46,57
1928,2020-12-17,48.32,42
1929,2020-12-17,16.96,67
1930,2020-12-17,86.03,12
1931,2020-12-17,46.04,62
1932,2020-12-17,30.75,63
1933,2020-12-17,42.44,84
1934,2020-12-17,38.18,53
1935,2020-12-17,12.97,54
1936,2020-12-17,67.68,26
1937,2020-12-17,65.90,34
1938,2020-12-17,48.57,14
1939,2020-12-17,87.15,74
1940,2020-12-17,55.06,97
1941,2020-12-17,21.99,77
1942,2020-12-17,11.48,81
1943,2020-12-17,25.84,29
1944,2020-12-17,67.82,85
1945,2020-12-17,71.81,76
1946,2020-12-17,100.76,82
1947,2020-12-17,25.64,20
1948,2020-12-17,68.04,96
1949,2020-12-17,79.91,6
1950,2020-12-17,97.45,52
1951,2020-12-17,100.27,82
1952,2020-12-17,87.10,94
1953,2020-12-17,45.09,56
1954,2020-12-17,28.85,9
1955,2020-12-17,77.37,97
1956,2020-12-17,50.62,52
1957,2020-12-17,35.83,24
1958,2020-12-17,48.54,67
1959,2020-12-17,10.21,52
1960,2020-12-17,51.67,7
1961,2020-12-17,29.57,72
1962,2020-12-17,97.65,21
1963,2020-12-17,30.07,74
1964,2020-12-17,87.34,34
1965,2020-12-17,17.90,4
1966,2020-12-17,26.82,1
1967,2020-12-17,49.84,2
1968,2020-12-17,54.47,87
1969,2020-12-17,18.15,36
1970,2020-12-17,29.17,81
1971,2020-12-17,48.68,69
1972,2020-12-17,15.72,82
1973,2020-12-17,97.72,82
1974,2020-12-17,100.25,80
1975,2020-12-17,46.06,43
1976,2020-12-17,34.23,87
1977,2020-12-17,60.91,74
1978,2020-12-17,44.82,66
1979,2020-12-17,89.11,100
1980,2020-12-17,32.24,48
1981,2020-12-17,71.02,34
1982,2020-12-17,90.39,88
1983,2020-12-17,12.25,56
1984,2020-12-17,20.58,14
1985,2020-12-17,81.40,52
1986,2020-12-17,87.25,49
1987,2020-12-17,96.62,92
1988,2020-12-17,49.99,91
1989,2020-12-17,17.49,71
1990,2020-12-17,43.65,31
1991,2020-12-17,38.38,71
1992,2020-12-17,41.34,37
1993,2020-12-17,70.83,91
1994,2020-12-17,43.19,41
1995,2020-12-17,37.47,24
1996,2020-12-17,53.56,57
1997,2020-12-17,72.41,31
1998,2020-12-17,43.34,51
1999,2020-12-17,60.99,66
2000,2020-12-17,52.18,18
2001,2020-12-17,54.31,13
2002,2020-12-17,74.42,27
2003,2020-12-17,61.92,99
2004,2020-12-17,78.48,3
2005,2020-12-17,29.76,48
2006,2020-12-17,21.92,50
2007,2020-12-17,55.30,100
2008,2020-12-17,34.82,38
2009,2020-12-17,57.61,90
2010,2020-12-17,27.74,81
2011,2020-12-17,26.80,56
2012,2020-12-17,37.53,68
2013,2020-12-17,50.55,36
2014,2020-12-17,16.74,36
2015,2020-12-17,63.21,73
2016,2020-12-17,88.37,88
2017,2020-12-17,39.62,33
2018,2020-12-17,69.03,68
2019,2020-12-17,86.23,51
2020,2020-12-17,27.73,40
2021,2020-12-17,21.21,57
2022,2020-12-17,88.85,50
2023,2020-12-17,62.88,10
2024,2020-12-17,58.11,96
2025,2020-12-17,75.17,88
2026,2020-12-17,16.58,80
2027,2020-12-17,95.62,70
2028,2020-12-17,82.60,9
2029,2020-12-17,81.14,73
2030,2020-12-17,45.92,26
2031,2020-12-17,87.26,14
2032,2020-12-17,76.15,94
2033,2020-12-17,86.12,20
2034,2020-12-17,25.12,50
2035,2020-12-17,55.06,73
2036,2020-12-17,31.36,51
2037,2020-12-17,79.93,59
2038,2020-12-17,62.23,94
2039,2020-12-17,93.31,63
2040,2020-12-17,25.69,20
2041,2020-12-17,57.99,27
2042,2020-12-17,30.48,22
2043,2020-12-17,38.06,45
2044,2020-12-17,93.24,99
2045,2020-12-17,29.23,4
2046,2020-12-17,99.62,77
2047,2020-12-17,84.08,15
2048,2020-12-17,78.74,53
2049,2020-12-17,15.41,4
2050,2020-12-17,51.29,31
2051,2020-12-17,30.03,57
2052,2020-12-17,42.89,60
2053,2020-12-17,47.50,52
2054,2020-12-17,86.75,19
2055,2020-12-17,25.31,23
2056,2020-12-17,92.13,10
2057,2020-12-17,37.31,10
2058,2020-12-17,34.75,24
2059,2020-12-17,35.43,27
2060,2020-12-17,69.48,87
2061,2020-12-17,83.65,32
2062,2020-12-17,12.16,59
2063,2020-12-17,43.82,10
2064,2020-12-17,52.22,94
2065,2020-12-17,11.92,81
2066,2020-12-17,50.51,22
2067,2020-12-17,61.25,25
2068,2020-12-17,52.58,60
2069,2020-12-17,12.49,84
2070,2020-12-17,73.46,26
2071,2020-12-17,38.90,54
2072,2020-12-17,87.76,65
2073,2020-12-17,78.19,40
2074,2020-12-17,87.16,20
2075,2020-12-17,39.38,70
2076,2020-12-17,55.05,68
2077,2020-12-17,88.68,2
2078,2020-12-17,79.14,49
2079,2020-12-17,84.02,59
2080,2020-12-17,74.94,91
2081,2020-12-17,56.74,96
2082,2020-12-17,55.45,9
2083,2020-12-17,38.59,61
2084,2020-12-17,76.79,42
2085,2020-12-17,72.65,64
2086,2020-12-17,96.49,17
2087,2020-12-17,94.76,62
2088,2020-12-17,58.55,100
2089,2020-12-17,19.43,14
2090,2020-12-17,83.63,70
2091,2020-12-17,36.54,88
2092,2020-12-17,24.70,95
2093,2020-12-17,51.34,80
2094,2020-12-17,78.44,30
2095,2020-12-17,39.42,94
2096,2020-12-17,51.67,95
2097,2020-12-17,45.12,57
2098,2020-12-17,73.30,88
2099,2020-12-17,10.90,16
2100,2020-12-17,28.27,29
2101,2020-12-17,13.43,66
2102,2020-12-17,32.49,48
2103,2020-12-17,75.37,81
2104,2020-12-17,55.05,53
2105,2020-12-17,74.37,19
2106,2020-12-17,31.00,64
2107,2020-12-17,33.91,1
2108,2020-12-17,33.51,50
2109,2020-12-17,65.53,75
2110,2020-12-17,50.06,14
2111,2020-12-17,18.33,41
2112,2020-12-17,46.36,72
2113,2020-12-17,67.91,68
2114,2020-12-17,85.27,48
2115,2020-12-17,73.49,9
2116,2020-12-17,22.15,76
2117,2020-12-17,28.98,5
2118,2020-12-17,41.22,15
2119,2020-12-17,75.01,20
2120,2020-12-17,90.79,77
2121,2020-12-17,59.74,88
2122,2020-12-17,86.55,49
2123,2020-12-17,71.19,51
2124,2020-12-17,66.04,21
2125,2020-12-17,94.08,73
2126,2020-12-17,87.34,75
2127,2020-12-17,96.93,50
2128,2020-12-17,32.08,17
2129,2020-12-17,31.58,62
2130,2020-12-17,49.20,16
2131,2020-12-17,17.05,43
2132,2020-12-17,84.51,74
2133,2020-12-17,91.51,33
2134,2020-12-17,12.21,89
2135,2020-12-17,10.23,42
2136,2020-12-17,87.27,34
2137,2020-12-17,16.32,33
2138,2020-12-17,75.81,88
2139,2020-12-17,43.55,38
2140,2020-12-17,44.40,96
2141,2020-12-17,69.49,66
2142,2020-12-17,33.91,72
2143,2020-12-17,31.45,41
2144,2020-12-17,68.99,46
2145,2020-12-17,12.19,53
2146,2020-12-17,68.65,37
2147,2020-12-17,41.90,32
2148,2020-12-17,99.59,47
2149,2020-12-17,92.07,76
2150,2020-12-17,98.92,53
2151,2020-12-17,70.27,98
2152,2020-12-17,18.31,23
2153,2020-12-17,29.06,79
2154,2020-12-17,24.80,64
2155,2020-12-17,65.36,34
2156,2020-12-17,32.46,49
2157,2020-12-17,60.01,15
2158,2020-12-17,89.78,24
2159,2020-12-17,19.43,35
2160,2020-12-17,29.56,1
2161,2020-12-17,10.98,9
2162,2020-12-17,13.35,16
2163,2020-12-17,19.68,65
2164,2020-12-17,82.80,81
2165,2020-12-17,11.16,96
2166,2020-12-17,48.55,92
2167,2020-12-17,44.06,90
2168,2020-12-17,45.23,28
2169,2020-12-17,63.64,10
2170,2020-12-17,75.62,90
2171,2020-12-17,81.47,17
2172,2020-12-17,60.28,6
2173,2020-12-17,23.81,95
2174,2020-12-17,80.79,72
2175,2020-12-17,17.26,99
2176,2020-12-17,79.61,5
2177,2020-12-17,18.79,52
2178,2020-12-17,82.84,51
2179,2020-12-17,84.15,41
2180,2020-12-17,68.77,28
2181,2020-12-17,55.94,13
2182,2020-12-17,80.24,99
2183,2020-12-17,40.47,83
2184,2020-12-17,86.25,2
2185,2020-12-17,42.11,72
2186,2020-12-17,42.69,97
2187,2020-12-17,67.63,8
2188,2020-12-17,21.86,13
2189,2020-12-17,23.15,47
2190,2020-12-17,17.36,70
2191,2020-12-17,75.88,53
2192,2020-12-17,65.86,81
2193,2020-12-17,67.64,20
2194,2020-12-17,35.95,93
2195,2020-12-17,80.97,18
2196,2020-12-17,100.19,98
2197,2020-12-17,62.13,32
2198,2020-12-17,71.53,28
2199,2020-12-17,47.84,53
2200,2020-12-17,59.20,65
2201,2020-12-17,86.65,30
2202,2020-12-17,58.54,97
2203,2020-12-17,73.56,96
2204,2020-12-17,84.81,37
2205,2020-12-17,73.50,16
2206,2020-12-17,26.48,40
2207,2020-12-17,62.60,84
2208,2020-12-17,10.50,1
2209,2020-12-17,56.56,50
2210,2020-12-17,63.79,92
2211,2020-12-17,44.50,80
2212,2020-12-17,73.16,30
2213,2020-12-17,89.62,74
2214,2020-12-17,93.24,12
2215,2020-12-17,27.60,29
2216,2020-12-17,29.04,56
2217,2020-12-17,36.69,72
2218,2020-12-17,79.78,24
2219,2020-12-17,16.30,18
2220,2020-12-17,43.93,4
2221,2020-12-17,51.54,17
2222,2020-12-17,64.54,34
2223,2020-12-17,23.18,9
2224,2020-12-17,44.92,64
2225,2020-12-17,57.85,4
2226,2020-12-17,25.82,48
2227,2020-12-17,27.53,7
2228,2020-12-17,18.13,76
2229,2020-12-17,65.99,58
2230,2020-12-17,19.72,28
2231,2020-12-17,34.52,24
2232,2020-12-17,88.92,37
2233,2020-12-17,46.35,79
2234,2020-12-17,58.60,81
2235,2020-12-17,91.49,93
2236,2020-12-17,46.05,92
2237,2020-12-17,69.92,49
2238,2020-12-17,84.50,55
2239,2020-12-17,41.35,78
2240,2020-12-17,37.31,91
2241,2020-12-17,33.81,66
2242,2020-12-17,35.94,95
2243,2020-12-17,77.37,5
2244,2020-12-17,92.95,17
2245,2020-12-17,30.85,85
2246,2020-12-17,22.85,94
2247,2020-12-17,45.94,6
2248,2020-12-17,38.77,31
2249,2020-12-17,13.73,8
2250,2020-12-17,91.75,58
2251,2020-12-17,96.11,37
2252,2020-12-17,67.85,27
2253,2020-12-17,79.01,9
2254,2020-12-17,44.16,28
2255,2020-12-17,86.47,18
2256,2020-12-17,71.77,84
2257,2020-12-17,14.31,13
2258,2020-12-17,61.91,7
2259,2020-12-17,60.70,62
2260,2020-12-17,10.49,17
2261,2020-12-17,95.60,25
2262,2020-12-17,38.31,88
2263,2020-12-17,85.97,37
2264,2020-12-17,80.02,79
2265,2020-12-17,58.62,35
2266,2020-12-17,95.86,89
2267,2020-12-17,33.53,27
2268,2020-12-17,71.19,56
2269,2020-12-17,37.00,88
2270,2020-12-17,84.07,76
2271,2020-12-17,41.85,75
2272,2020-12-17,97.47,62
2273,2020-12-17,95.77,35
2274,2020-12-17,78.46,64
2275,2020-12-17,24.00,1
2276,2020-12-17,15.85,95
2277,2020-12-17,13.75,34
2278,2020-12-17,78.18,13
2279,2020-12-17,87.68,27
2280,2020-12-17,77.64,24
2281,2020-12-17,54.78,53
2282,2020-12-17,51.41,65
2283,2020-12-17,65.23,38
2284,2020-12-17,17.60,83
2285,2020-12-17,32.45,72
2286,2020-12-17,98.60,42
2287,2020-12-17,68.44,53
2288,2020-12-17,64.93,72
2289,2020-12-17,80.19,97
2290,2020-12-17,68.71,5
2291,2020-12-17,56.51,56
2292,2020-12-17,44.89,24
2293,2020-12-17,47.90,24
2294,2020-12-17,73.98,74
2295,2020-12-17,97.03,21
2296,2020-12-17,36.83,21
2297,2020-12-17,19.96,22
2298,2020-12-17,37.73,70
2299,2020-12-17,57.03,52
2300,2020-12-17,73.87,17
2301,2020-12-17,53.87,51
2302,2020-12-17,85.48,50
2303,2020-12-17,32.34,9
2304,2020-12-17,23.40,48
2305,2020-12-17,96.98,50
2306,2020-12-17,61.85,3
2307,2020-12-17,71.75,57
2308,2020-12-17,18.89,59
2309,2020-12-17,66.15,75
2310,2020-12-17,64.51,51
2311,2020-12-17,93.27,73
2312,2020-12-17,66.07,80
2313,2020-12-17,25.15,98
2314,2020-12-17,86.79,89
2315,2020-12-17,42.53,26
2316,2020-12-17,44.90,95
2317,2020-12-17,64.77,23
2318,2020-12-17,92.08,66
2319,2020-12-17,86.48,69
2320,2020-12-17,58.03,57
2321,2020-12-17,88.80,21
2322,2020-12-17,30.89,84
2323,2020-12-17,47.58,75
2324,2020-12-17,42.83,45
2325,2020-12-17,59.27,14
2326,2020-12-17,100.55,78
2327,2020-12-17,52.92,58
2328,2020-12-17,92.94,42
2329,2020-12-17,53.84,20
2330,2020-12-17,53.53,30
2331,2020-12-17,34.16,34
2332,2020-12-17,35.98,50
2333,2020-12-17,39.40,94
2334,2020-12-17,62.21,98
2335,2020-12-17,59.57,47
2336,2020-12-17,74.07,60
2337,2020-12-17,65.55,61
2338,2020-12-17,30.40,32
2339,2020-12-17,64.59,34
2340,2020-12-17,51.88,20
2341,2020-12-17,41.89,57
2342,2020-12-17,54.73,32
2343,2020-12-17,20.62,40
2344,2020-12-17,13.83,86
2345,2020-12-17,54.87,68
2346,2020-12-17,54.35,58
2347,2020-12-17,32.19,13
2348,2020-12-17,60.16,21
2349,2020-12-17,56.25,69
2350,2020-12-17,53.33,91
2351,2020-12-17,15.14,9
2352,2020-12-17,21.68,17
2353,2020-12-17,66.59,47
2354,2020-12-17,84.69,36
2355,2020-12-17,88.04,45
2356,2020-12-17,73.51,28
2357,2020-12-17,41.15,67
2358,2020-12-17,62.05,43
2359,2020-12-17,60.30,12
2360,2020-12-17,16.23,48
2361,2020-12-17,100.17,3
2362,2020-12-17,91.17,16
2363,2020-12-17,46.37,6
2364,2020-12-17,10.71,71
2365,2020-12-17,85.07,79
2366,2020-12-17,15.23,65
2367,2020-12-17,88.18,33
2368,2020-12-17,38.25,65
2369,2020-12-17,18.90,14
2370,2020-12-17,84.95,92
2371,2020-12-17,67.64,21
2372,2020-12-17,76.72,62
2373,2020-12-17,39.19,40
2374,2020-12-17,67.86,55
2375,2020-12-17,86.16,18
2376,2020-12-17,35.53,51
2377,2020-12-17,100.46,38
2378,2020-12-17,30.90,34
2379,2020-12-17,79.51,65
2380,2020-12-17,70.80,24
2381,2020-12-17,61.03,52
2382,2020-12-17,25.23,18
2383,2020-12-17,49.07,98
2384,2020-12-17,45.00,10
2385,2020-12-17,19.37,75
2386,2020-12-17,47.17,38
2387,2020-12-17,51.39,12
2388,2020-12-17,63.30,43
2389,2020-12-17,26.15,8
2390,2020-12-17,82.70,71
2391,2020-12-17,44.96,74
2392,2020-12-17,89.00,38
2393,2020-12-17,10.73,13
2394,2020-12-17,90.70,87
2395,2020-12-17,12.64,8
2396,2020-12-17,13.20,72
2397,2020-12-17,87.49,37
2398,2020-12-17,61.08,9
2399,2020-12-17,70.06,71
2400,2020-12-17,30.68,54
2401,2020-12-17,70.67,16
2402,2020-12-17,57.68,45
2403,2020-12-17,59.13,48
2404,2020-12-17,88.90,91
2405,2020-12-17,80.01,8
2406,2020-12-17,21.42,33
2407,2020-12-17,59.95,84
2408,2020-12-17,45.30,48
2409,2020-12-17,54.60,45
2410,2020-12-17,55.23,52
2411,2020-12-17,55.30,84
2412,2020-12-17,99.88,1
2413,2020-12-17,10.61,15
2414,2020-12-17,42.43,41
2415,2020-12-17,57.03,38
2416,2020-12-17,30.32,99
2417,2020-12-17,96.29,99
2418,2020-12-17,53.34,37
2419,2020-12-17,38.41,35
2420,2020-12-17,22.97,40
2421,2020-12-17,97.30,60
2422,2020-12-17,41.62,33
2423,2020-12-17,45.18,26
2424,2020-12-17,38.08,70
2425,2020-12-17,54.89,81
2426,2020-12-17,48.77,99
2427,2020-12-17,95.85,75
2428,2020-12-17,94.68,73
2429,2020-12-17,98.25,18
2430,2020-12-17,68.26,91
2431,2020-12-17,44.55,10
2432,2020-12-17,39.24,31
2433,2020-12-17,97.79,59
2434,2020-12-17,64.30,66
2435,2020-12-17,57.04,56
2436,2020-12-17,52.53,7
2437,2020-12-17,78.28,68
2438,2020-12-17,63.32,58
2439,2020-12-17,57.79,96
2440,2020-12-17,46.94,28
2441,2020-12-17,66.05,14
2442,2020-12-17,64.06,20
2443,2020-12-17,57.15,35
2444,2020-12-17,94.76,15
2445,2020-12-17,17.40,9
2446,2020-12-17,87.57,5
2447,2020-12-17,57.91,54
2448,2020-12-17,94.18,19
2449,2020-12-17,18.12,58
2450,2020-12-17,14.17,44
2451,2020-12-17,57.07,1
2452,2020-12-17,73.21,40
2453,2020-12-17,26.51,80
2454,2020-12-17,86.94,74
2455,2020-12-17,81.01,99
2456,2020-12-17,22.09,91
2457,2020-12-17,77.72,80
2458,2020-12-17,46.27,51
2459,2020-12-17,87.00,55
2460,2020-12-17,54.72,74
2461,2020-12-17,55.14,80
2462,2020-12-17,55.95,31
2463,2020-12-17,66.93,18
2464,2020-12-17,55.30,56
2465,2020-12-17,17.40,47
2466,2020-12-17,14.42,49
2467,2020-12-17,54.34,12
2468,2020-12-17,11.81,50
2469,2020-12-17,17.26,92
2470,2020-12-17,44.05,85
2471,2020-12-17,42.46,81
2472,2020-12-17,76.87,10
2473,2020-12-17,51.77,9
2474,2020-12-17,10.19,76
2475,2020-12-17,92.65,32
2476,2020-12-17,29.83,63
2477,2020-12-17,75.78,26
2478,2020-12-17,43.61,59
2479,2020-12-17,95.59,2
2480,2020-12-17,51.19,93
2481,2020-12-17,67.56,18
2482,2020-12-17,70.22,88
2483,2020-12-17,73.56,16
2484,2020-12-17,94.51,71
2485,2020-12-17,55.76,47
2486,2020-12-17,18.35,41
2487,2020-12-17,51.60,47
2488,2020-12-17,92.38,4
2489,2020-12-17,66.53,60
2490,2020-12-17,32.45,94
2491,2020-12-17,86.88,44
2492,2020-12-17,91.20,72
2493,2020-12-17,85.77,25
2494,2020-12-17,91.10,59
2495,2020-12-17,96.60,93
2496,2020-12-17,15.90,57
2497,2020-12-17,97.17,80
2498,2020-12-17,17.05,2
2499,2020-12-17,41.99,71
2500,2020-12-17,81.03,15
2501,2020-12-17,96.78,35
2502,2020-12-17,74.09,25
2503,2020-12-17,56.88,40
2504,2020-12-17,72.91,43
2505,2020-12-17,21.56,68
2506,2020-12-17,62.67,29
2507,2020-12-17,33.46,30
2508,2020-12-17,77.41,6
2509,2020-12-17,99.76,99
2510,2020-12-17,45.47,97
2511,2020-12-17,69.27,90
2512,2020-12-17,12.48,12
2513,2020-12-17,26.65,70
2514,2020-12-17,44.23,100
2515,2020-12-17,12.17,91
2516,2020-12-17,80.99,28
2517,2020-12-17,74.22,42
2518,2020-12-17,22.02,6
2519,2020-12-17,49.39,52
2520,2020-12-17,14.65,48
2521,2020-12-17,71.02,69
2522,2020-12-17,68.97,1
2523,2020-12-17,23.62,58
2524,2020-12-17,58.10,93
2525,2020-12-17,23.45,6
2526,2020-12-17,69.05,25
2527,2020-12-17,46.27,27
2528,2020-12-17,39.90,26
2529,2020-12-17,66.92,5
2530,2020-12-17,72.26,98
2531,2020-12-17,82.20,23
2532,2020-12-17,82.49,37
2533,2020-12-17,89.70,18
2534,2020-12-17,97.56,97
2535,2020-12-17,97.61,44
2536,2020-12-17,29.48,99
2537,2020-12-17,36.73,40
2538,2020-12-17,42.36,22
2539,2020-12-17,98.97,52
2540,2020-12-17,34.36,73
2541,2020-12-17,36.21,22
2542,2020-12-17,94.94,67
2543,2020-12-17,75.40,12
2544,2020-12-17,10.34,2
2545,2020-12-17,92.66,37
2546,2020-12-17,20.15,33
2547,2020-12-17,86.09,60
2548,2020-12-17,27.25,95
2549,2020-12-17,24.11,56
2550,2020-12-17,62.97,68
2551,2020-12-17,81.89,100
2552,2020-12-17,71.92,42
2553,2020-12-17,16.21,68
2554,2020-12-17,78.18,29
2555,2020-12-17,24.34,98
2556,2020-12-17,66.08,43
2557,2020-12-17,34.71,62
2558,2020-12-17,27.47,39
2559,2020-12-17,72.81,81
2560,2020-12-17,80.85,91
2561,2020-12-17,82.58,85
2562,2020-12-17,98.75,88
2563,2020-12-17,14.58,42
2564,2020-12-17,10.11,23
2565,2020-12-17,31.88,13
2566,2020-12-17,47.01,87
2567,2020-12-17,37.80,5
2568,2020-12-17,62.35,52
2569,2020-12-17,56.32,10
2570,2020-12-17,87.86,38
2571,2020-12-17,38.79,42
2572,2020-12-17,29.94,89
2573,2020-12-17,32.46,88
2574,2020-12-17,18.30,24
2575,2020-12-17,66.37,70
2576,2020-12-17,87.10,99
2577,2020-12-17,52.16,32
2578,2020-12-17,95.51,36
2579,2020-12-17,63.16,55
2580,2020-12-17,58.54,67
2581,2020-12-17,11.60,35
2582,2020-12-17,33.91,82
2583,2020-12-17,70.98,72
2584,2020-12-17,36.77,65
2585,2020-12-17,34.55,26
2586,2020-12-17,30.82,78
2587,2020-12-17,98.26,8
2588,2020-12-17,81.32,64
2589,2020-12-17,42.48,70
2590,2020-12-17,49.31,96
2591,2020-12-17,18.87,83
2592,2020-12-17,79.52,8
2593,2020-12-17,87.46,66
2594,2020-12-17,50.16,91
2595,2020-12-17,66.37,96
2596,2020-12-17,39.08,36
2597,2020-12-17,57.70,63
2598,2020-12-17,83.82,31
2599,2020-12-17,55.50,87
2600,2020-12-17,47.75,74
2601,2020-12-17,13.42,60
2602,2020-12-17,63.22,69
2603,2020-12-17,94.42,9
2604,2020-12-17,39.21,70
2605,2020-12-17,26.92,31
2606,2020-12-17,87.63,24
2607,2020-12-17,71.55,61
2608,2020-12-17,68.68,27
2609,2020-12-17,69.30,65
2610,2020-12-17,10.70,28
2611,2020-12-17,12.64,78
2612,2020-12-17,33.01,6
2613,2020-12-17,70.98,33
2614,2020-12-17,97.97,65
2615,2020-12-17,31.01,50
2616,2020-12-17,21.69,23
2617,2020-12-17,50.56,83
2618,2020-12-17,29.01,40
2619,2020-12-17,57.27,38
2620,2020-12-17,99.86,26
2621,2020-12-17,57.31,100
2622,2020-12-17,26.46,33
2623,2020-12-17,72.02,31
2624,2020-12-17,28.24,84
2625,2020-12-17,28.25,74
2626,2020-12-17,79.61,2
2627,2020-12-17,44.09,2
2628,2020-12-17,63.98,50
2629,2020-12-17,67.26,5
2630,2020-12-17,19.55,41
2631,2020-12-17,80.07,97
2632,2020-12-17,17.84,14
2633,2020-12-17,87.15,42
2634,2020-12-17,56.15,52
2635,2020-12-17,46.89,6
2636,2020-12-17,80.16,61
2637,2020-12-17,76.43,90
2638,2020-12-17,15.46,10
2639,2020-12-17,12.32,82
2640,2020-12-17,54.97,83
2641,2020-12-17,46.76,59
2642,2020-12-17,12.30,76
2643,2020-12-17,19.89,13
2644,2020-12-17,33.09,71
2645,2020-12-17,57.88,54
2646,2020-12-17,54.09,73
2647,2020-12-17,10.35,73
2648,2020-12-17,29.02,43
2649,2020-12-17,58.76,2
2650,2020-12-17,28.81,78
2651,2020-12-17,56.87,99
2652,2020-12-17,45.66,81
2653,2020-12-17,50.10,30
2654,2020-12-17,50.41,88
2655,2020-12-17,86.36,57
2656,2020-12-17,39.07,13
2657,2020-12-17,24.08,61
2658,2020-12-17,20.51,94
2659,2020-12-17,17.23,66
2660,2020-12-17,32.43,45
2661,2020-12-17,40.48,5
2662,2020-12-17,50.66,89
2663,2020-12-17,52.18,14
2664,2020-12-17,40.30,84
2665,2020-12-17,60.05,44
2666,2020-12-17,73.90,64
2667,2020-12-17,55.16,20
2668,2020-12-17,39.77,97
2669,2020-12-17,23.56,82
2670,2020-12-17,33.77,73
2671,2020-12-17,48.60,13
2672,2020-12-17,94.59,94
2673,2020-12-17,81.38,55
2674,2020-12-17,86.14,52
2675,2020-12-17,64.80,11
2676,2020-12-17,50.94,69
2677,2020-12-17,63.19,99
2678,2020-12-17,39.59,6
2679,2020-12-17,45.60,48
2680,2020-12-17,50.17,56
2681,2020-12-17,12.09,71
2682,2020-12-17,35.27,68
2683,2020-12-17,26.91,2
2684,2020-12-17,55.06,64
2685,2020-12-17,87.58,60
2686,2020-12-17,16.67,20
2687,2020-12-17,85.34,33
2688,2020-12-17,96.68,14
2689,2020-12-17,54.74,6
2690,2020-12-17,57.77,63
2691,2020-12-17,61.19,67
2692,2020-12-17,47.09,12
2693,2020-12-17,76.22,51
2694,2020-12-17,99.57,25
2695,2020-12-17,98.65,24
2696,2020-12-17,40.33,99
2697,2020-12-17,33.13,65
2698,2020-12-17,62.48,8
2699,2020-12-17,30.94,98
2700,2020-12-17,35.35,90
2701,2020-12-17,35.71,54
2702,2020-12-17,55.70,36
2703,2020-12-17,65.23,50
2704,2020-12-17,10.76,34
2705,2020-12-17,72.73,33
2706,2020-12-17,83.41,40
2707,2020-12-17,27.97,15
2708,2020-12-17,50.02,31
2709,2020-12-17,70.76,20
2710,2020-12-17,57.22,16
2711,2020-12-17,70.58,93
2712,2020-12-17,48.21,82
2713,2020-12-17,25.75,41
2714,2020-12-17,17.89,20
2715,2020-12-17,30.10,65
2716,2020-12-17,96.25,94
2717,2020-12-17,48.80,17
2718,2020-12-17,64.63,49
2719,2020-12-17,70.16,8
2720,2020-12-17,51.38,65
2721,2020-12-17,76.59,26
2722,2020-12-17,82.48,96
2723,2020-12-17,91.94,60
2724,2020-12-17,47.97,23
2725,2020-12-17,62.56,28
2726,2020-12-17,22.63,21
2727,2020-12-17,56.61,37
2728,2020-12-17,62.50,79
2729,2020-12-17,97.50,20
2730,2020-12-17,89.54,87
2731,2020-12-17,97.14,72
2732,2020-12-17,97.06,23
2733,2020-12-17,75.90,100
2734,2020-12-17,74.05,63
2735,2020-12-17,36.93,57
2736,2020-12-17,15.49,41
2737,2020-12-17,46.64,14
2738,2020-12-17,47.39,62
2739,2020-12-17,89.65,44
2740,2020-12-17,26.34,85
2741,2020-12-17,61.02,40
2742,2020-12-17,28.81,16
2743,2020-12-17,25.06,28
2744,2020-12-17,13.16,28
2745,2020-12-17,25.10,84
2746,2020-12-17,92.69,45
2747,2020-12-17,29.40,97
2748,2020-12-17,26.28,15
2749,2020-12-17,79.03,54
2750,2020-12-17,93.41,3
2751,2020-12-17,93.63,43
2752,2020-12-17,46.06,48
2753,2020-12-17,54.68,72
2754,2020-12-17,87.34,10
2755,2020-12-17,62.04,53
2756,2020-12-17,69.85,81
2757,2020-12-17,35.45,74
2758,2020-12-17,73.86,25
2759,2020-12-17,12.43,32
2760,2020-12-17,65.06,65
2761,2020-12-17,73.42,43
2762,2020-12-17,83.04,97
2763,2020-12-17,52.17,37
2764,2020-12-17,61.45,88
2765,2020-12-17,54.61,1
2766,2020-12-17,40.33,64
2767,2020-12-17,14.98,90
2768,2020-12-17,56.98,63
2769,2020-12-17,28.25,75
2770,2020-12-17,86.58,29
2771,2020-12-17,85.49,49
2772,2020-12-17,41.22,5
2773,2020-12-17,89.42,84
2774,2020-12-17,77.21,45
2775,2020-12-17,69.86,12
2776,2020-12-17,63.64,78
2777,2020-12-17,60.26,78
2778,2020-12-17,92.49,40
2779,2020-12-17,47.94,58
2780,2020-12-17,20.79,85
2781,2020-12-17,51.04,18
2782,2020-12-17,79.99,37
2783,2020-12-17,59.91,41
2784,2020-12-17,18.79,73
2785,2020-12-17,88.82,35
2786,2020-12-17,31.67,65
2787,2020-12-17,37.38,61
2788,2020-12-17,46.04,63
2789,2020-12-17,68.39,32
2790,2020-12-17,43.26,6
2791,2020-12-17,56.87,84
2792,2020-12-17,97.69,22
2793,2020-12-17,52.09,49
2794,2020-12-17,29.91,94
2795,2020-12-17,44.20,88
2796,2020-12-17,37.19,32
2797,2020-12-17,29.86,97
2798,2020-12-17,92.97,69
2799,2020-12-17,68.71,14
2800,2020-12-17,23.71,34
2801,2020-12-17,87.63,39
2802,2020-12-17,90.69,18
2803,2020-12-17,52.24,7
2804,2020-12-17,37.52,9
2805,2020-12-17,49.20,5
2806,2020-12-17,82.64,52
2807,2020-12-17,98.20,54
2808,2020-12-17,65.27,30
2809,2020-12-17,93.41,83
2810,2020-12-17,69.10,59
2811,2020-12-17,45.68,72
2812,2020-12-17,84.93,57
2813,2020-12-17,35.37,22
2814,2020-12-17,12.70,62
2815,2020-12-17,16.87,93
2816,2020-12-17,17.52,95
2817,2020-12-17,46.44,99
2818,2020-12-17,29.29,86
2819,2020-12-17,20.58,15
2820,2020-12-17,54.60,26
2821,2020-12-17,79.65,11
2822,2020-12-17,48.85,83
2823,2020-12-17,97.21,94
2824,2020-12-17,89.83,92
2825,2020-12-17,27.47,55
2826,2020-12-17,71.77,2
2827,2020-12-17,55.07,2
2828,2020-12-17,64.82,77
2829,2020-12-17,85.25,83
2830,2020-12-17,69.88,61
2831,2020-12-17,83.92,18
2832,2020-12-17,65.42,43
2833,2020-12-17,86.11,69
2834,2020-12-17,63.54,53
2835,2020-12-17,54.72,11
2836,2020-12-17,66.15,19
2837,2020-12-17,54.09,90
2838,2020-12-17,89.91,52
2839,2020-12-17,76.68,79
2840,2020-12-17,37.41,70
2841,2020-12-17,71.91,56
2842,2020-12-17,69.62,29
2843,2020-12-17,67.49,19
2844,2020-12-17,80.66,47
2845,2020-12-17,50.98,1
2846,2020-12-17,49.42,11
2847,2020-12-17,45.57,11
2848,2020-12-17,37.18,52
2849,2020-12-17,10.68,80
2850,2020-12-17,79.08,99
2851,2020-12-17,59.39,2
2852,2020-12-17,73.94,9
2853,2020-12-17,84.77,13
2854,2020-12-17,63.24,57
2855,2020-12-17,81.81,79
2856,2020-12-17,44.39,83
2857,2020-12-17,73.24,36
2858,2020-12-17,41.14,48
2859,2020-12-17,100.11,18
2860,2020-12-17,54.02,77
2861,2020-12-17,88.95,54
2862,2020-12-17,14.62,88
2863,2020-12-17,78.44,10
2864,2020-12-17,97.54,60
2865,2020-12-17,73.07,57
2866,2020-12-17,62.27,66
2867,2020-12-17,70.74,66
2868,2020-12-17,86.35,31
2869,2020-12-17,43.32,36
2870,2020-12-17,46.50,54
2871,2020-12-17,49.02,75
2872,2020-12-17,52.98,100
2873,2020-12-17,95.32,70
2874,2020-12-17,96.93,35
2875,2020-12-17,56.67,9
2876,2020-12-17,45.10,95
2877,2020-12-17,11.02,96
2878,2020-12-17,76.47,74
2879,2020-12-17,33.87,50
2880,2020-12-17,39.67,36
2881,2020-12-17,40.34,54
2882,2020-12-17,24.31,71
2883,2020-12-17,33.17,73
2884,2020-12-17,45.81,100
2885,2020-12-17,48.66,18
2886,2020-12-17,51.88,53
2887,2020-12-17,74.44,14
2888,2020-12-17,62.02,35
2889,2020-12-17,85.24,73
2890,2020-12-17,96.79,45
2891,2020-12-17,53.95,72
2892,2020-12-17,44.85,77
2893,2020-12-17,32.32,34
2894,2020-12-17,56.32,69
2895,2020-12-17,94.99,97
2896,2020-12-17,95.39,58
2897,2020-12-17,25.51,85
2898,2020-12-17,54.80,68
2899,2020-12-17,26.99,73
2900,2020-12-17,36.51,83
2901,2020-12-17,35.78,61
2902,2020-12-17,55.58,45
2903,2020-12-17,37.98,80
2904,2020-12-17,59.63,71
2905,2020-12-17,47.12,68
2906,2020-12-17,52.61,39
2907,2020-12-17,31.39,82
2908,2020-12-17,66.63,63
2909,2020-12-17,83.62,36
2910,2020-12-17,16.18,23
2911,2020-12-17,46.56,62
2912,2020-12-17,96.58,33
2913,2020-12-17,82.65,8
2914,2020-12-17,20.69,16
2915,2020-12-17,96.27,49
2916,2020-12-17,68.45,94
2917,2020-12-17,20.73,30
2918,2020-12-17,36.08,98
2919,2020-12-17,42.38,91
2920,2020-12-17,19.46,68
2921,2020-12-17,92.75,70
2922,2020-12-17,45.21,17
2923,2020-12-17,72.29,87
2924,2020-12-17,80.04,42
2925,2020-12-17,38.44,89
2926,2020-12-17,12.50,98
2927,2020-12-17,31.69,88
2928,2020-12-17,76.91,90
2929,2020-12-17,36.86,13
2930,2020-12-17,14.23,91
2931,2020-12-17,95.40,94
2932,2020-12-17,37.29,11
2933,2020-12-17,59.43,95
2934,2020-12-17,26.37,77
2935,2020-12-17,14.01,39
2936,2020-12-17,21.23,45
2937,2020-12-17,96.39,10
2938,2020-12-17,85.91,41
2939,2020-12-17,94.93,76
2940,2020-12-17,61.55,87
2941,2020-12-17,92.16,77
2942,2020-12-17,18.34,14
2943,2020-12-17,61.02,53
2944,2020-12-17,19.24,10
2945,2020-12-17,29.01,16
2946,2020-12-17,13.47,82
2947,2020-12-17,24.51,61
2948,2020-12-17,28.34,9
2949,2020-12-17,85.48,5
2950,2020-12-17,70.94,37
2951,2020-12-17,43.37,93
2952,2020-12-17,75.89,74
2953,2020-12-17,85.74,50
2954,2020-12-17,69.34,23
2955,2020-12-17,54.41,17
2956,2020-12-17,96.67,54
2957,2020-12-17,98.16,54
2958,2020-12-17,55.07,41
2959,2020-12-17,17.83,98
2960,2020-12-17,96.30,68
2961,2020-12-17,53.21,65
2962,2020-12-17,25.97,22
2963,2020-12-17,46.69,52
2964,2020-12-17,32.64,37
2965,2020-12-17,88.34,70
2966,2020-12-17,56.18,84
2967,2020-12-17,54.78,76
2968,2020-12-17,36.80,79
2969,2020-12-17,84.53,21
2970,2020-12-17,35.96,25
2971,2020-12-17,80.26,95
2972,2020-12-17,37.13,72
2973,2020-12-17,39.37,67
2974,2020-12-17,57.18,14
2975,2020-12-17,85.40,83
2976,2020-12-17,74.53,67
2977,2020-12-17,86.90,78
2978,2020-12-17,13.82,77
2979,2020-12-17,40.81,61
2980,2020-12-17,63.62,78
2981,2020-12-17,96.68,96
2982,2020-12-17,92.25,100
2983,2020-12-17,79.43,59
2984,2020-12-17,56.33,32
2985,2020-12-17,51.46,52
2986,2020-12-17,43.38,85
2987,2020-12-17,75.52,99
2988,2020-12-17,36.95,44
2989,2020-12-17,64.25,3
2990,2020-12-17,100.06,56
2991,2020-12-17,45.00,12
2992,2020-12-17,48.52,25
2993,2020-12-17,97.55,50
2994,2020-12-17,85.78,73
2995,2020-12-17,26.71,44
2996,2020-12-17,97.22,33
2997,2020-12-17,59.50,60
2998,2020-12-17,33.38,64
2999,2020-12-17,43.42,74
3000,2020-12-17,90.42,1

